"Date","Price","Open","High","Low","Vol.","Change %"
"Mar 10, 2020","19.87","20.05","20.43","19.09","23.02M","-0.30%"
"Mar 09, 2020","19.93","20.51","20.90","19.90","23.64M","-6.12%"
"Mar 06, 2020","21.23","21.52","21.83","20.42","28.05M","0.33%"
"Mar 05, 2020","21.16","20.88","21.36","20.62","27.92M","2.97%"
"Mar 04, 2020","20.55","21.00","21.05","20.16","23.39M","-0.34%"
"Mar 03, 2020","20.62","20.18","21.27","19.70","32.52M","3.83%"
"Mar 02, 2020","19.86","19.42","19.94","19.14","25.30M","4.31%"
"Feb 28, 2020","19.04","18.35","19.13","18.03","40.59M","-3.74%"
"Feb 27, 2020","19.78","21.38","21.45","19.68","28.28M","-6.21%"
"Feb 26, 2020","21.09","21.00","21.38","20.89","18.56M","-0.75%"
"Feb 25, 2020","21.25","21.70","22.08","21.24","26.51M","-3.54%"
"Feb 24, 2020","22.03","22.50","22.57","21.73","29.35M","2.75%"
"Feb 21, 2020","21.44","21.45","21.61","21.17","19.96M","3.23%"
"Feb 20, 2020","20.77","20.94","21.31","20.71","16.59M","-1.10%"
"Feb 19, 2020","21.00","20.81","21.04","20.40","20.18M","2.04%"
"Feb 18, 2020","20.58","19.85","20.65","19.75","27.97M","4.36%"
"Feb 14, 2020","19.72","19.00","19.73","18.93","20.19M","4.17%"
"Feb 13, 2020","18.93","18.58","19.17","18.55","15.27M","2.82%"
"Feb 12, 2020","18.41","18.51","18.68","18.20","11.83M","-0.16%"
"Feb 11, 2020","18.44","18.37","18.64","18.26","10.38M","0.05%"
"Feb 10, 2020","18.43","18.26","18.52","18.16","8.17M","1.32%"
"Feb 07, 2020","18.19","18.45","18.56","18.08","8.73M","-0.87%"
"Feb 06, 2020","18.35","18.12","18.49","18.05","7.47M","1.83%"
"Feb 05, 2020","18.02","18.00","18.17","17.96","7.39M","0.00%"
"Feb 04, 2020","18.02","18.01","18.15","17.63","15.58M","-1.42%"
"Feb 03, 2020","18.28","18.37","18.45","18.09","11.76M","-1.30%"
"Jan 31, 2020","18.52","18.48","18.74","18.42","11.00M","0.43%"
"Jan 30, 2020","18.44","18.42","18.65","18.25","13.84M","0.38%"
"Jan 29, 2020","18.37","18.09","18.40","17.93","8.49M","2.06%"
"Jan 28, 2020","18.00","18.40","18.50","17.85","16.13M","-3.33%"
"Jan 27, 2020","18.62","19.00","19.17","18.45","21.30M","-0.48%"
"Jan 24, 2020","18.71","18.45","18.75","18.35","14.75M","1.52%"
"Jan 23, 2020","18.43","18.21","18.68","18.18","13.18M","0.77%"
"Jan 22, 2020","18.29","18.34","18.40","18.16","10.56M","-0.33%"
"Jan 21, 2020","18.35","17.96","18.35","17.93","14.63M","2.23%"
"Jan 17, 2020","17.95","18.13","18.21","17.76","9.79M","-0.77%"
"Jan 16, 2020","18.09","18.00","18.10","17.74","10.18M","1.06%"
"Jan 15, 2020","17.90","17.75","17.98","17.56","10.45M","1.94%"
"Jan 14, 2020","17.56","17.30","17.60","17.26","10.07M","0.63%"
"Jan 13, 2020","17.45","17.77","17.78","17.43","8.42M","-2.24%"
"Jan 10, 2020","17.85","17.67","17.96","17.60","8.37M","1.42%"
"Jan 09, 2020","17.60","17.62","17.80","17.46","11.54M","-1.23%"
"Jan 08, 2020","17.82","18.51","18.51","17.71","14.61M","-3.52%"
"Jan 07, 2020","18.47","18.39","18.53","18.13","12.37M","0.44%"
"Jan 06, 2020","18.39","18.98","19.01","18.37","14.32M","-0.97%"
"Jan 03, 2020","18.57","18.93","18.96","18.43","13.76M","0.43%"
"Jan 02, 2020","18.49","18.71","18.80","18.37","7.10M","-0.54%"
"Dec 31, 2019","18.59","18.74","18.83","18.50","9.21M","-0.11%"
"Dec 30, 2019","18.61","18.41","18.68","18.33","9.56M","1.31%"
"Dec 27, 2019","18.37","18.32","18.48","18.18","9.05M","0.05%"
"Dec 26, 2019","18.36","18.50","18.56","18.20","9.38M","0.27%"
"Dec 24, 2019","18.31","17.80","18.32","17.76","8.17M","3.10%"
"Dec 23, 2019","17.76","17.58","17.82","17.48","8.64M","1.78%"
"Dec 20, 2019","17.45","17.65","17.78","17.41","9.08M","-1.47%"
"Dec 19, 2019","17.71","17.93","18.00","17.55","8.38M","-1.23%"
"Dec 18, 2019","17.93","17.49","17.94","17.41","15.94M","3.11%"
"Dec 17, 2019","17.39","17.35","17.52","17.29","9.72M","-0.17%"
"Dec 16, 2019","17.42","17.68","17.68","17.24","7.81M","-0.91%"
"Dec 13, 2019","17.58","17.45","17.67","17.32","10.72M","0.11%"
"Dec 12, 2019","17.56","17.80","17.98","17.34","12.21M","-0.34%"
"Dec 11, 2019","17.62","17.28","17.78","17.24","14.65M","2.80%"
"Dec 10, 2019","17.14","16.95","17.17","16.92","12.65M","1.72%"
"Dec 09, 2019","16.85","17.00","17.20","16.79","9.03M","-0.24%"
"Dec 06, 2019","16.89","16.89","17.11","16.82","8.19M","-1.57%"
"Dec 05, 2019","17.16","17.12","17.31","17.05","8.69M","0.76%"
"Dec 04, 2019","17.03","17.25","17.38","17.01","10.14M","-1.45%"
"Dec 03, 2019","17.28","17.28","17.79","17.19","16.97M","2.31%"
"Dec 02, 2019","16.89","16.76","17.02","16.73","11.61M","0.54%"
"Nov 29, 2019","16.80","16.77","16.86","16.64","5.52M","0.60%"
"Nov 27, 2019","16.70","16.72","16.77","16.54","6.53M","-0.95%"
"Nov 26, 2019","16.86","16.42","16.91","16.36","10.10M","2.62%"
"Nov 25, 2019","16.43","16.42","16.69","16.30","8.66M","-0.36%"
"Nov 22, 2019","16.49","16.74","16.76","16.47","7.21M","-0.90%"
"Nov 21, 2019","16.64","17.00","17.11","16.57","10.66M","-2.06%"
"Nov 20, 2019","16.99","17.05","17.21","16.81","10.16M","-0.35%"
"Nov 19, 2019","17.05","16.81","17.15","16.80","9.45M","0.95%"
"Nov 18, 2019","16.89","16.55","16.97","16.51","12.23M","1.93%"
"Nov 15, 2019","16.57","16.59","16.72","16.50","7.95M","-0.54%"
"Nov 14, 2019","16.66","16.80","16.85","16.61","8.31M","0.00%"
"Nov 13, 2019","16.66","16.60","16.81","16.60","12.35M","1.34%"
"Nov 12, 2019","16.44","16.35","16.51","16.07","11.94M","0.37%"
"Nov 11, 2019","16.38","16.34","16.57","16.32","9.76M","0.06%"
"Nov 08, 2019","16.37","16.23","16.53","16.13","14.32M","0.06%"
"Nov 07, 2019","16.36","16.90","16.90","16.20","15.80M","-3.20%"
"Nov 06, 2019","16.90","16.89","17.16","16.78","13.26M","2.18%"
"Nov 05, 2019","16.54","16.34","16.59","16.18","18.00M","-0.60%"
"Nov 04, 2019","16.64","16.92","17.03","16.62","12.56M","-2.18%"
"Nov 01, 2019","17.01","17.22","17.32","16.91","12.85M","-2.02%"
"Oct 31, 2019","17.36","17.29","17.48","17.16","13.05M","1.82%"
"Oct 30, 2019","17.05","16.78","17.06","16.55","11.50M","1.67%"
"Oct 29, 2019","16.77","16.55","16.87","16.43","8.70M","0.30%"
"Oct 28, 2019","16.72","17.00","17.03","16.64","10.43M","-2.79%"
"Oct 25, 2019","17.20","17.55","17.63","17.04","9.81M","0.17%"
"Oct 24, 2019","17.17","16.63","17.21","16.58","14.73M","3.62%"
"Oct 23, 2019","16.57","16.79","16.90","16.50","10.65M","-0.18%"
"Oct 22, 2019","16.60","16.91","16.98","16.43","12.51M","-1.37%"
"Oct 21, 2019","16.83","17.18","17.27","16.75","8.86M","-2.09%"
"Oct 18, 2019","17.19","17.30","17.39","17.01","8.29M","0.59%"
"Oct 17, 2019","17.09","16.83","17.35","16.81","10.39M","0.89%"
"Oct 16, 2019","16.94","16.77","16.95","16.55","10.29M","1.68%"
"Oct 15, 2019","16.66","17.00","17.08","16.60","17.83M","-2.57%"
"Oct 14, 2019","17.10","17.00","17.30","17.00","7.37M","0.59%"
"Oct 11, 2019","17.00","17.73","17.74","16.95","19.59M","-5.08%"
"Oct 10, 2019","17.91","17.87","17.95","17.50","14.68M","0.22%"
"Oct 09, 2019","17.87","17.94","18.05","17.72","8.13M","-1.05%"
"Oct 08, 2019","18.06","17.94","18.21","17.82","10.79M","2.50%"
"Oct 07, 2019","17.62","17.63","17.86","17.51","8.14M","-0.73%"
"Oct 04, 2019","17.75","17.24","17.77","17.20","11.51M","2.84%"
"Oct 03, 2019","17.26","17.40","17.93","17.20","14.92M","-0.63%"
"Oct 02, 2019","17.37","17.41","17.62","17.16","18.56M","0.87%"
"Oct 01, 2019","17.22","17.16","17.59","17.03","19.54M","-0.63%"
"Sep 30, 2019","17.33","17.30","17.55","17.00","15.00M","-2.26%"
"Sep 27, 2019","17.73","17.74","17.88","17.55","13.24M","-2.04%"
"Sep 26, 2019","18.10","18.29","18.38","18.05","8.86M","-0.44%"
"Sep 25, 2019","18.18","18.70","18.76","17.99","13.42M","-3.35%"
"Sep 24, 2019","18.81","18.48","18.85","18.32","15.89M","1.13%"
"Sep 23, 2019","18.60","18.55","18.69","18.42","14.05M","0.92%"
"Sep 20, 2019","18.43","18.34","18.47","17.87","19.69M","0.71%"
"Sep 19, 2019","18.30","17.84","18.35","17.84","17.66M","3.74%"
"Sep 18, 2019","17.64","17.98","18.06","17.20","17.25M","-2.11%"
"Sep 17, 2019","18.02","17.33","18.17","17.27","22.91M","5.38%"
"Sep 16, 2019","17.10","17.35","17.45","17.02","20.11M","-0.75%"
"Sep 13, 2019","17.23","17.35","17.41","17.03","23.08M","0.58%"
"Sep 12, 2019","17.13","17.91","18.12","17.10","21.64M","-1.21%"
"Sep 11, 2019","17.34","17.21","17.67","17.18","16.40M","0.52%"
"Sep 10, 2019","17.25","17.19","17.58","16.93","17.99M","-0.92%"
"Sep 09, 2019","17.41","17.91","17.93","17.17","20.41M","-2.57%"
"Sep 06, 2019","17.87","18.39","18.67","17.86","25.96M","-2.88%"
"Sep 05, 2019","18.40","19.39","19.46","18.08","29.15M","-7.40%"
"Sep 04, 2019","19.87","19.38","19.89","19.27","12.61M","2.32%"
"Sep 03, 2019","19.42","19.60","19.68","19.34","19.73M","0.21%"
"Aug 30, 2019","19.38","19.08","19.50","19.04","13.91M","0.52%"
"Aug 29, 2019","19.28","19.85","19.85","19.18","21.13M","-3.31%"
"Aug 28, 2019","19.94","19.77","20.07","19.58","18.50M","0.86%"
"Aug 27, 2019","19.77","19.33","19.85","19.33","19.10M","2.75%"
"Aug 26, 2019","19.24","19.25","19.48","19.03","13.72M","0.52%"
"Aug 23, 2019","19.14","18.84","19.25","18.73","18.27M","2.13%"
"Aug 22, 2019","18.74","18.55","18.79","18.50","10.08M","0.54%"
"Aug 21, 2019","18.64","18.54","18.77","18.41","10.34M","-0.27%"
"Aug 20, 2019","18.69","18.20","18.72","18.18","13.84M","3.26%"
"Aug 19, 2019","18.10","18.03","18.41","17.88","23.46M","-1.58%"
"Aug 16, 2019","18.39","18.19","18.42","18.02","17.41M","0.00%"
"Aug 15, 2019","18.39","18.14","18.39","17.98","13.57M","1.16%"
"Aug 14, 2019","18.18","18.30","18.40","18.04","19.01M","0.39%"
"Aug 13, 2019","18.11","18.34","18.40","17.49","24.88M","0.84%"
"Aug 12, 2019","17.96","18.52","18.66","17.88","17.44M","-0.99%"
"Aug 09, 2019","18.14","18.12","18.37","18.04","13.36M","-0.27%"
"Aug 08, 2019","18.19","17.71","18.26","17.56","18.42M","0.78%"
"Aug 07, 2019","18.05","17.97","18.44","17.96","24.74M","2.73%"
"Aug 06, 2019","17.57","17.45","17.91","17.35","14.78M","-0.11%"
"Aug 05, 2019","17.59","17.49","17.94","17.44","25.87M","4.02%"
"Aug 02, 2019","16.91","16.86","17.30","16.85","13.35M","-0.24%"
"Aug 01, 2019","16.95","15.85","17.10","15.83","24.87M","4.24%"
"Jul 31, 2019","16.26","17.00","17.04","15.96","33.66M","-4.41%"
"Jul 30, 2019","17.01","17.23","17.31","16.98","14.60M","-1.16%"
"Jul 29, 2019","17.21","17.16","17.22","16.97","12.65M","0.88%"
"Jul 26, 2019","17.06","17.07","17.22","16.98","11.36M","0.12%"
"Jul 25, 2019","17.04","17.29","17.39","16.90","15.72M","-1.79%"
"Jul 24, 2019","17.35","17.40","17.50","17.29","11.16M","0.35%"
"Jul 23, 2019","17.29","17.15","17.47","17.06","15.28M","-0.29%"
"Jul 22, 2019","17.34","17.18","17.40","17.10","14.15M","0.76%"
"Jul 19, 2019","17.21","17.07","17.48","17.03","24.50M","-0.06%"
"Jul 18, 2019","17.22","16.65","17.36","16.48","23.55M","3.05%"
"Jul 17, 2019","16.71","16.21","16.75","16.15","17.92M","3.72%"
"Jul 16, 2019","16.11","16.20","16.40","15.95","11.75M","-1.41%"
"Jul 15, 2019","16.34","16.57","16.68","16.23","11.32M","-1.03%"
"Jul 12, 2019","16.51","16.47","16.56","16.29","11.44M","0.73%"
"Jul 11, 2019","16.39","16.47","16.68","16.32","15.83M","-0.79%"
"Jul 10, 2019","16.52","16.27","16.56","16.06","18.62M","2.93%"
"Jul 09, 2019","16.05","15.74","16.11","15.69","11.96M","1.20%"
"Jul 08, 2019","15.86","15.87","15.96","15.65","11.66M","0.38%"
"Jul 05, 2019","15.80","15.50","15.86","15.22","15.58M","-0.50%"
"Jul 03, 2019","15.88","15.76","15.88","15.52","10.34M","1.86%"
"Jul 02, 2019","15.59","15.12","15.73","15.08","20.29M","4.00%"
"Jul 01, 2019","14.99","15.20","15.30","14.85","21.46M","-4.95%"
"Jun 28, 2019","15.77","15.79","15.86","15.51","11.32M","0.45%"
"Jun 27, 2019","15.70","15.60","15.75","15.35","20.58M","-1.01%"
"Jun 26, 2019","15.86","15.25","15.99","15.22","20.38M","-0.94%"
"Jun 25, 2019","16.01","16.30","16.45","15.72","29.05M","-1.42%"
"Jun 24, 2019","16.24","15.72","16.27","15.67","28.20M","4.10%"
"Jun 21, 2019","15.60","15.30","15.71","15.19","26.99M","1.96%"
"Jun 20, 2019","15.30","14.93","15.58","14.92","31.60M","5.66%"
"Jun 19, 2019","14.48","14.11","14.54","13.98","22.49M","0.77%"
"Jun 18, 2019","14.37","14.31","14.44","14.06","19.72M","1.55%"
"Jun 17, 2019","14.15","13.89","14.18","13.81","12.95M","1.80%"
"Jun 14, 2019","13.90","14.01","14.07","13.75","14.86M","0.29%"
"Jun 13, 2019","13.86","13.73","13.88","13.57","11.79M","0.95%"
"Jun 12, 2019","13.73","13.63","13.79","13.60","16.70M","1.33%"
"Jun 11, 2019","13.55","13.37","13.65","13.34","10.28M","0.74%"
"Jun 10, 2019","13.45","13.25","13.48","13.20","9.09M","-0.66%"
"Jun 07, 2019","13.54","13.59","13.70","13.46","16.42M","0.22%"
"Jun 06, 2019","13.51","13.21","13.67","13.13","20.80M","2.12%"
"Jun 05, 2019","13.23","13.45","13.54","12.94","18.01M","0.15%"
"Jun 04, 2019","13.21","12.98","13.23","12.90","14.79M","0.92%"
"Jun 03, 2019","13.09","12.59","13.17","12.57","25.23M","5.39%"
"May 31, 2019","12.42","12.01","12.46","11.99","18.19M","5.34%"
"May 30, 2019","11.79","11.76","11.87","11.66","9.27M","0.34%"
"May 29, 2019","11.75","11.73","11.97","11.73","11.07M","0.09%"
"May 28, 2019","11.74","11.70","11.85","11.65","10.66M","-1.76%"
"May 24, 2019","11.95","12.00","12.00","11.75","11.03M","-0.08%"
"May 23, 2019","11.96","12.02","12.24","11.96","13.79M","0.17%"
"May 22, 2019","11.94","12.16","12.17","11.82","12.85M","-1.49%"
"May 21, 2019","12.12","12.13","12.17","11.92","11.40M","-0.66%"
"May 20, 2019","12.20","12.20","12.36","12.15","6.61M","-0.16%"
"May 17, 2019","12.22","12.10","12.27","12.01","11.47M","0.33%"
"May 16, 2019","12.18","12.42","12.43","12.11","13.57M","-2.56%"
"May 15, 2019","12.50","12.56","12.62","12.40","11.13M","0.32%"
"May 14, 2019","12.46","12.27","12.53","12.19","12.21M","1.22%"
"May 13, 2019","12.31","12.12","12.34","12.02","14.89M","2.58%"
"May 10, 2019","12.00","12.41","12.46","12.00","14.27M","-2.99%"
"May 09, 2019","12.37","12.60","12.71","12.36","10.32M","-1.59%"
"May 08, 2019","12.57","12.80","13.01","12.44","14.91M","-1.18%"
"May 07, 2019","12.72","12.61","12.80","12.52","12.89M","0.95%"
"May 06, 2019","12.60","12.63","12.64","12.52","6.69M","0.08%"
"May 03, 2019","12.59","12.66","12.72","12.49","11.58M","0.64%"
"May 02, 2019","12.51","12.49","12.77","12.40","14.00M","-0.64%"
"May 01, 2019","12.59","12.70","12.86","12.35","22.02M","-1.02%"
"Apr 30, 2019","12.72","12.66","12.85","12.64","13.16M","0.47%"
"Apr 29, 2019","12.66","12.96","12.97","12.63","9.05M","-2.62%"
"Apr 26, 2019","13.00","12.95","13.07","12.90","6.75M","1.25%"
"Apr 25, 2019","12.84","12.85","13.06","12.73","14.15M","0.08%"
"Apr 24, 2019","12.83","12.78","12.99","12.62","8.76M","0.16%"
"Apr 23, 2019","12.81","12.86","12.96","12.75","10.05M","-1.23%"
"Apr 22, 2019","12.97","13.28","13.28","12.94","7.14M","-1.89%"
"Apr 18, 2019","13.22","13.20","13.47","13.11","8.83M","0.15%"
"Apr 17, 2019","13.20","13.36","13.38","13.10","13.46M","-0.68%"
"Apr 16, 2019","13.29","13.51","13.55","13.20","11.55M","-2.49%"
"Apr 15, 2019","13.63","13.33","13.68","13.31","12.43M","1.56%"
"Apr 12, 2019","13.42","13.49","13.59","13.35","11.99M","-0.22%"
"Apr 11, 2019","13.45","13.46","13.59","13.32","11.06M","-1.03%"
"Apr 10, 2019","13.59","13.84","13.96","13.54","10.91M","-0.95%"
"Apr 09, 2019","13.72","13.61","13.73","13.53","9.46M","1.48%"
"Apr 08, 2019","13.52","13.72","13.72","13.47","7.69M","0.22%"
"Apr 05, 2019","13.49","13.54","13.56","13.40","7.05M","-0.52%"
"Apr 04, 2019","13.56","13.18","13.57","13.05","9.91M","1.95%"
"Apr 03, 2019","13.30","13.56","13.56","13.25","11.67M","-1.19%"
"Apr 02, 2019","13.46","13.41","13.56","13.38","14.42M","0.15%"
"Apr 01, 2019","13.44","13.71","13.77","13.30","16.59M","-1.97%"
"Mar 29, 2019","13.71","14.08","14.08","13.70","11.20M","-1.22%"
"Mar 28, 2019","13.88","13.95","14.10","13.73","15.92M","-2.60%"
"Mar 27, 2019","14.25","14.52","14.54","14.20","13.09M","-1.72%"
"Mar 26, 2019","14.50","14.09","14.52","14.02","21.07M","1.61%"
"Mar 25, 2019","14.27","13.75","14.31","13.69","28.81M","4.39%"
"Mar 22, 2019","13.67","13.22","13.70","13.18","22.32M","2.94%"
"Mar 21, 2019","13.28","13.13","13.30","12.99","17.03M","1.30%"
"Mar 20, 2019","13.11","12.79","13.22","12.64","15.81M","2.10%"
"Mar 19, 2019","12.84","13.06","13.09","12.80","9.86M","-0.85%"
"Mar 18, 2019","12.95","12.99","13.21","12.90","12.46M","-0.38%"
"Mar 15, 2019","13.00","13.23","13.25","12.97","25.96M","-0.84%"
"Mar 14, 2019","13.11","13.05","13.14","12.92","10.41M","-1.80%"
"Mar 13, 2019","13.35","13.37","13.40","13.21","13.64M","0.91%"
"Mar 12, 2019","13.23","13.17","13.26","13.07","13.55M","0.38%"
"Mar 11, 2019","13.18","13.26","13.49","13.01","25.71M","1.93%"
"Mar 08, 2019","12.93","12.86","13.00","12.68","17.76M","2.38%"
"Mar 07, 2019","12.63","12.35","12.66","12.34","12.76M","1.85%"
"Mar 06, 2019","12.40","12.68","12.68","12.36","13.31M","-2.36%"
"Mar 05, 2019","12.70","12.41","12.71","12.40","11.03M","1.52%"
"Mar 04, 2019","12.51","12.27","12.55","12.18","13.05M","1.62%"
"Mar 01, 2019","12.31","12.44","12.64","12.22","14.31M","-2.61%"
"Feb 28, 2019","12.64","12.52","12.65","12.44","11.03M","1.12%"
"Feb 27, 2019","12.50","12.65","12.65","12.31","20.62M","-0.71%"
"Feb 26, 2019","12.59","12.58","12.64","12.22","23.53M","-0.16%"
"Feb 25, 2019","12.61","13.07","13.12","12.57","24.92M","-3.30%"
"Feb 22, 2019","13.04","13.25","13.31","12.92","19.36M","-2.10%"
"Feb 21, 2019","13.32","13.64","13.64","13.21","22.34M","-3.20%"
"Feb 20, 2019","13.76","13.68","14.04","13.62","28.88M","1.55%"
"Feb 19, 2019","13.55","13.09","13.69","13.03","22.81M","4.63%"
"Feb 15, 2019","12.95","12.85","13.00","12.70","12.38M","0.31%"
"Feb 14, 2019","12.91","12.80","13.05","12.72","14.56M","0.70%"
"Feb 13, 2019","12.82","13.00","13.17","12.63","24.62M","-4.11%"
"Feb 12, 2019","13.37","13.58","13.72","13.33","12.34M","-0.45%"
"Feb 11, 2019","13.43","13.51","13.61","13.43","11.74M","-1.40%"
"Feb 08, 2019","13.62","13.41","13.73","13.40","14.31M","2.10%"
"Feb 07, 2019","13.34","13.18","13.43","13.17","14.89M","0.76%"
"Feb 06, 2019","13.24","13.15","13.39","13.15","11.84M","-0.90%"
"Feb 05, 2019","13.36","13.37","13.40","13.12","8.72M","0.07%"
"Feb 04, 2019","13.35","13.04","13.38","13.02","11.31M","0.75%"
"Feb 01, 2019","13.25","13.36","13.40","13.01","12.58M","-1.05%"
"Jan 31, 2019","13.39","13.18","13.40","13.05","20.39M","2.61%"
"Jan 30, 2019","13.05","12.89","13.29","12.76","17.99M","0.93%"
"Jan 29, 2019","12.93","12.49","13.00","12.44","18.75M","4.78%"
"Jan 28, 2019","12.34","12.39","12.56","12.30","12.81M","0.73%"
"Jan 25, 2019","12.25","12.04","12.29","12.04","13.47M","3.38%"
"Jan 24, 2019","11.85","11.73","11.90","11.71","11.71M","0.68%"
"Jan 23, 2019","11.77","11.76","11.88","11.58","9.71M","-0.08%"
"Jan 22, 2019","11.78","11.94","11.98","11.52","15.02M","-0.08%"
"Jan 18, 2019","11.79","11.77","11.92","11.65","13.77M","-0.92%"
"Jan 17, 2019","11.90","11.86","11.99","11.77","8.60M","0.42%"
"Jan 16, 2019","11.85","11.80","11.93","11.70","10.69M","-0.08%"
"Jan 15, 2019","11.86","12.25","12.33","11.76","15.37M","-3.58%"
"Jan 14, 2019","12.30","12.58","12.63","12.26","16.57M","-1.13%"
"Jan 11, 2019","12.44","12.44","12.68","12.35","14.40M","0.65%"
"Jan 10, 2019","12.36","12.48","12.54","12.30","12.48M","-0.72%"
"Jan 09, 2019","12.45","12.46","12.60","12.33","15.23M","0.89%"
"Jan 08, 2019","12.34","12.77","12.81","12.20","26.76M","-4.49%"
"Jan 07, 2019","12.92","13.26","13.29","12.89","12.28M","-1.30%"
"Jan 04, 2019","13.09","12.89","13.17","12.66","17.19M","0.69%"
"Jan 03, 2019","13.00","13.30","13.34","12.81","19.14M","-0.76%"
"Jan 02, 2019","13.10","13.64","13.69","13.05","16.48M","-3.25%"
"Dec 31, 2018","13.54","13.00","13.59","12.69","22.73M","3.20%"
"Dec 28, 2018","13.12","13.54","13.62","13.06","38.26M","-4.30%"
"Dec 27, 2018","13.71","13.37","13.72","13.34","22.75M","0.44%"
"Dec 26, 2018","13.65","13.74","13.87","13.43","13.40M","0.07%"
"Dec 24, 2018","13.64","13.25","13.70","13.21","9.65M","3.96%"
"Dec 21, 2018","13.12","13.25","13.43","13.07","33.50M","-1.94%"
"Dec 20, 2018","13.38","13.37","13.60","13.17","29.87M","3.88%"
"Dec 19, 2018","12.88","13.63","13.92","12.84","31.82M","-7.20%"
"Dec 18, 2018","13.88","13.59","14.04","13.55","25.42M","1.68%"
"Dec 17, 2018","13.65","13.64","13.70","13.35","22.90M","-0.07%"
"Dec 14, 2018","13.66","13.90","14.03","13.62","18.16M","-3.19%"
"Dec 13, 2018","14.11","13.97","14.17","13.94","12.88M","0.64%"
"Dec 12, 2018","14.02","13.63","14.04","13.63","15.35M","3.09%"
"Dec 11, 2018","13.60","13.97","14.01","13.59","22.99M","-1.73%"
"Dec 10, 2018","13.84","13.72","14.18","13.66","24.36M","1.17%"
"Dec 07, 2018","13.68","13.61","13.80","13.48","20.30M","2.32%"
"Dec 06, 2018","13.37","13.18","13.48","13.11","21.32M","1.83%"
"Dec 04, 2018","13.13","13.07","13.27","13.06","18.71M","1.08%"
"Dec 03, 2018","12.99","12.95","13.05","12.70","20.07M","1.88%"
"Nov 30, 2018","12.75","12.89","12.94","12.63","14.70M","-2.30%"
"Nov 29, 2018","13.05","13.20","13.26","13.04","12.30M","0.00%"
"Nov 28, 2018","13.05","12.74","13.17","12.65","13.75M","2.35%"
"Nov 27, 2018","12.75","13.06","13.10","12.59","14.60M","-2.15%"
"Nov 26, 2018","13.03","13.20","13.41","12.97","12.17M","-0.46%"
"Nov 23, 2018","13.09","13.33","13.45","13.02","7.58M","-2.75%"
"Nov 21, 2018","13.46","13.20","13.55","13.18","19.77M","3.30%"
"Nov 20, 2018","13.03","13.10","13.16","12.83","11.90M","-0.46%"
"Nov 19, 2018","13.09","13.07","13.23","13.00","12.77M","0.38%"
"Nov 16, 2018","13.04","13.19","13.31","13.01","12.57M","0.38%"
"Nov 15, 2018","12.99","12.87","13.10","12.68","16.48M","2.20%"
"Nov 14, 2018","12.71","12.34","12.94","12.28","16.59M","2.25%"
"Nov 13, 2018","12.43","12.57","12.65","12.28","11.12M","-1.19%"
"Nov 12, 2018","12.58","12.75","12.75","12.51","11.14M","-2.56%"
"Nov 09, 2018","12.91","12.85","12.97","12.68","12.94M","-1.45%"
"Nov 08, 2018","13.10","13.00","13.28","12.96","14.79M","0.92%"
"Nov 07, 2018","12.98","13.24","13.29","12.96","10.59M","-1.22%"
"Nov 06, 2018","13.14","13.16","13.22","12.99","9.40M","-0.53%"
"Nov 05, 2018","13.21","13.17","13.46","13.07","13.97M","0.30%"
"Nov 02, 2018","13.17","13.22","13.34","13.01","12.97M","-1.27%"
"Nov 01, 2018","13.34","12.82","13.45","12.78","21.16M","6.29%"
"Oct 31, 2018","12.55","12.65","12.66","12.32","23.46M","-1.26%"
"Oct 30, 2018","12.71","12.60","12.78","12.41","13.38M","0.24%"
"Oct 29, 2018","12.68","12.77","12.97","12.60","15.75M","-1.32%"
"Oct 26, 2018","12.85","12.70","13.27","12.67","24.61M","2.23%"
"Oct 25, 2018","12.57","12.90","13.18","12.51","31.09M","-4.12%"
"Oct 24, 2018","13.11","13.28","13.44","13.08","18.13M","-1.72%"
"Oct 23, 2018","13.34","13.54","14.10","13.22","29.11M","1.91%"
"Oct 22, 2018","13.09","13.17","13.24","13.00","24.10M","-0.68%"
"Oct 19, 2018","13.18","13.19","13.41","13.13","19.25M","0.15%"
"Oct 18, 2018","13.16","12.66","13.35","12.66","29.82M","3.46%"
"Oct 17, 2018","12.72","12.69","12.97","12.59","21.77M","-0.24%"
"Oct 16, 2018","12.75","12.67","12.93","12.56","25.88M","0.39%"
"Oct 15, 2018","12.70","12.56","12.95","12.56","28.00M","1.84%"
"Oct 12, 2018","12.47","12.43","12.60","12.15","26.20M","-0.87%"
"Oct 11, 2018","12.58","11.83","12.75","11.71","49.22M","9.39%"
"Oct 10, 2018","11.50","11.29","11.65","11.12","21.26M","1.59%"
"Oct 09, 2018","11.32","11.24","11.39","11.10","12.80M","-0.79%"
"Oct 08, 2018","11.41","11.25","11.41","11.09","13.41M","-0.52%"
"Oct 05, 2018","11.47","11.58","11.63","11.35","15.87M","-1.55%"
"Oct 04, 2018","11.65","11.62","11.70","11.48","15.53M","0.26%"
"Oct 03, 2018","11.62","11.73","11.80","11.57","18.16M","-0.60%"
"Oct 02, 2018","11.69","11.24","11.70","11.19","26.02M","4.94%"
"Oct 01, 2018","11.14","11.08","11.21","11.06","12.27M","0.54%"
"Sep 28, 2018","11.08","11.19","11.31","11.05","18.23M","-0.45%"
"Sep 27, 2018","11.13","10.72","11.27","10.72","27.08M","2.58%"
"Sep 26, 2018","10.85","11.21","11.22","10.82","21.16M","-2.95%"
"Sep 25, 2018","11.18","11.47","11.64","11.17","32.15M","1.27%"
"Sep 24, 2018","11.04","10.96","11.19","10.87","48.74M","5.44%"
"Sep 21, 2018","10.47","10.49","10.63","10.20","24.76M","-1.41%"
"Sep 20, 2018","10.62","10.72","10.77","10.48","14.40M","0.19%"
"Sep 19, 2018","10.60","10.56","10.79","10.56","14.29M","1.15%"
"Sep 18, 2018","10.48","10.42","10.55","10.39","15.42M","1.26%"
"Sep 17, 2018","10.35","10.18","10.44","10.12","14.81M","2.37%"
"Sep 14, 2018","10.11","10.11","10.32","10.01","9.81M","0.00%"
"Sep 13, 2018","10.11","10.29","10.33","10.04","12.26M","0.30%"
"Sep 12, 2018","10.08","9.77","10.20","9.70","14.43M","3.17%"
"Sep 11, 2018","9.77","9.71","9.84","9.53","9.03M","0.10%"
"Sep 10, 2018","9.76","10.01","10.10","9.74","10.81M","-2.89%"
"Sep 07, 2018","10.05","9.85","10.09","9.81","10.39M","1.31%"
"Sep 06, 2018","9.92","9.93","10.11","9.89","10.12M","0.71%"
"Sep 05, 2018","9.85","9.93","9.93","9.63","10.37M","0.10%"
"Sep 04, 2018","9.84","10.17","10.17","9.81","17.46M","-5.57%"
"Aug 31, 2018","10.42","10.52","10.62","10.34","14.29M","-0.48%"
"Aug 30, 2018","10.47","10.52","10.56","10.36","8.23M","-1.41%"
"Aug 29, 2018","10.62","10.69","10.80","10.61","12.50M","0.00%"
"Aug 28, 2018","10.62","10.73","10.79","10.54","14.35M","0.00%"
"Aug 27, 2018","10.62","10.51","10.65","10.49","12.52M","1.53%"
"Aug 24, 2018","10.46","10.41","10.65","10.29","14.79M","2.25%"
"Aug 23, 2018","10.23","10.27","10.32","10.20","15.39M","-1.45%"
"Aug 22, 2018","10.38","10.22","10.39","10.22","10.67M","1.96%"
"Aug 21, 2018","10.18","10.19","10.25","10.09","8.85M","0.39%"
"Aug 20, 2018","10.14","10.12","10.24","10.03","13.36M","1.20%"
"Aug 17, 2018","10.02","9.99","10.15","9.85","17.19M","1.62%"
"Aug 16, 2018","9.86","10.12","10.25","9.85","19.48M","-1.20%"
"Aug 15, 2018","9.98","10.22","10.26","9.72","24.86M","-4.13%"
"Aug 14, 2018","10.41","10.55","10.59","10.34","11.27M","-0.86%"
"Aug 13, 2018","10.50","10.79","10.82","10.41","13.80M","-3.05%"
"Aug 10, 2018","10.83","10.82","10.99","10.79","11.32M","-0.28%"
"Aug 09, 2018","10.86","10.98","11.02","10.84","8.92M","-0.55%"
"Aug 08, 2018","10.92","10.88","11.00","10.77","11.70M","1.20%"
"Aug 07, 2018","10.79","11.09","11.17","10.75","15.94M","-2.00%"
"Aug 06, 2018","11.01","10.97","11.17","10.86","11.57M","-0.81%"
"Aug 03, 2018","11.10","11.02","11.29","11.00","12.83M","1.46%"
"Aug 02, 2018","10.94","10.89","11.11","10.85","11.33M","-0.09%"
"Aug 01, 2018","10.95","11.14","11.18","10.90","13.08M","-2.14%"
"Jul 31, 2018","11.19","11.15","11.30","11.11","12.35M","0.36%"
"Jul 30, 2018","11.15","11.16","11.31","11.06","15.74M","-0.71%"
"Jul 27, 2018","11.23","11.07","11.38","10.93","20.72M","1.17%"
"Jul 26, 2018","11.10","11.53","11.56","11.05","27.14M","-6.09%"
"Jul 25, 2018","11.82","11.95","11.96","11.66","13.16M","-0.34%"
"Jul 24, 2018","11.86","11.89","11.96","11.82","12.71M","0.42%"
"Jul 23, 2018","11.81","12.21","12.24","11.79","21.70M","-4.53%"
"Jul 20, 2018","12.37","12.53","12.63","12.29","10.56M","0.24%"
"Jul 19, 2018","12.34","12.23","12.58","12.23","12.55M","-1.44%"
"Jul 18, 2018","12.52","12.52","12.59","12.40","14.16M","-1.11%"
"Jul 17, 2018","12.66","12.70","12.81","12.63","9.78M","-1.25%"
"Jul 16, 2018","12.82","12.91","12.96","12.81","5.85M","-0.70%"
"Jul 13, 2018","12.91","12.88","12.98","12.83","6.14M","-0.23%"
"Jul 12, 2018","12.94","13.01","13.05","12.93","8.56M","0.15%"
"Jul 11, 2018","12.92","13.29","13.37","12.85","10.41M","-3.65%"
"Jul 10, 2018","13.41","13.22","13.42","13.19","4.98M","1.06%"
"Jul 09, 2018","13.27","13.47","13.59","13.27","7.83M","-0.60%"
"Jul 06, 2018","13.35","13.42","13.57","13.33","6.67M","-0.89%"
"Jul 05, 2018","13.47","13.47","13.55","13.35","8.07M","1.05%"
"Jul 03, 2018","13.33","13.29","13.54","13.24","7.54M","1.60%"
"Jul 02, 2018","13.12","13.03","13.21","12.98","6.91M","-0.08%"
"Jun 29, 2018","13.13","12.79","13.21","12.71","13.27M","3.39%"
"Jun 28, 2018","12.70","12.70","12.80","12.61","6.32M","0.00%"
"Jun 27, 2018","12.70","12.72","12.82","12.66","9.47M","-0.39%"
"Jun 26, 2018","12.75","12.79","12.80","12.57","9.18M","-0.93%"
"Jun 25, 2018","12.87","12.95","13.07","12.86","5.82M","-1.30%"
"Jun 22, 2018","13.04","12.90","13.09","12.87","6.65M","1.48%"
"Jun 21, 2018","12.85","12.74","12.91","12.72","6.18M","0.23%"
"Jun 20, 2018","12.82","12.86","12.92","12.79","4.97M","-0.31%"
"Jun 19, 2018","12.86","12.75","12.96","12.72","7.64M","0.16%"
"Jun 18, 2018","12.84","12.79","12.87","12.74","9.46M","0.23%"
"Jun 15, 2018","12.81","13.03","13.06","12.70","23.71M","-2.73%"
"Jun 14, 2018","13.17","13.12","13.20","13.05","8.70M","0.92%"
"Jun 13, 2018","13.05","13.15","13.18","12.96","9.22M","-0.84%"
"Jun 12, 2018","13.16","13.10","13.19","12.98","7.54M","-0.30%"
"Jun 11, 2018","13.20","12.97","13.24","12.94","7.76M","1.38%"
"Jun 08, 2018","13.02","12.95","13.06","12.91","3.71M","0.54%"
"Jun 07, 2018","12.95","12.96","13.04","12.90","8.01M","0.08%"
"Jun 06, 2018","12.94","13.04","13.06","12.81","8.65M","-0.15%"
"Jun 05, 2018","12.96","12.92","13.09","12.87","8.12M","0.47%"
"Jun 04, 2018","12.90","13.12","13.16","12.87","6.32M","-1.38%"
"Jun 01, 2018","13.08","13.15","13.25","12.94","11.12M","-0.83%"
"May 31, 2018","13.19","13.40","13.40","13.12","10.97M","-1.42%"
"May 30, 2018","13.38","13.37","13.47","13.29","5.93M","0.38%"
"May 29, 2018","13.33","13.26","13.52","13.25","7.18M","-0.45%"
"May 25, 2018","13.39","13.45","13.54","13.33","5.88M","-0.67%"
"May 24, 2018","13.48","13.34","13.62","13.25","12.55M","1.13%"
"May 23, 2018","13.33","13.07","13.37","13.02","7.00M","1.60%"
"May 22, 2018","13.12","13.27","13.37","13.12","6.27M","-0.61%"
"May 21, 2018","13.20","13.13","13.24","13.04","5.36M","0.30%"
"May 18, 2018","13.16","13.12","13.20","12.97","6.47M","-0.23%"
"May 17, 2018","13.19","13.20","13.22","13.13","3.81M","-0.08%"
"May 16, 2018","13.20","13.21","13.26","13.14","3.88M","0.23%"
"May 15, 2018","13.17","13.13","13.29","12.99","8.32M","-2.30%"
"May 14, 2018","13.48","13.55","13.59","13.39","5.22M","-0.15%"
"May 11, 2018","13.50","13.59","13.67","13.45","9.32M","-0.22%"
"May 10, 2018","13.53","13.44","13.61","13.40","11.29M","1.58%"
"May 09, 2018","13.32","13.26","13.38","13.11","7.80M","0.30%"
"May 08, 2018","13.28","13.30","13.30","13.02","15.69M","-0.60%"
"May 07, 2018","13.36","13.47","13.50","13.34","5.64M","-0.82%"
"May 04, 2018","13.47","13.38","13.51","13.35","6.27M","-0.07%"
"May 03, 2018","13.48","13.55","13.66","13.42","8.94M","0.82%"
"May 02, 2018","13.37","13.48","13.64","13.37","8.31M","-0.52%"
"May 01, 2018","13.44","13.44","13.45","13.26","7.51M","-0.22%"
"Apr 30, 2018","13.47","13.63","13.66","13.40","10.18M","-2.18%"
"Apr 27, 2018","13.77","13.62","13.80","13.62","7.88M","1.10%"
"Apr 26, 2018","13.62","13.53","13.76","13.41","10.53M","0.96%"
"Apr 25, 2018","13.49","13.20","13.53","13.16","11.70M","0.82%"
"Apr 24, 2018","13.38","12.93","13.49","12.92","19.65M","3.56%"
"Apr 23, 2018","12.92","13.00","13.01","12.77","11.02M","-1.90%"
"Apr 20, 2018","13.17","13.25","13.27","13.02","9.07M","-1.13%"
"Apr 19, 2018","13.32","13.32","13.37","13.13","11.14M","0.45%"
"Apr 18, 2018","13.26","13.17","13.38","13.17","14.77M","1.45%"
"Apr 17, 2018","13.07","13.00","13.13","12.97","6.89M","0.31%"
"Apr 16, 2018","13.03","13.20","13.20","12.93","8.47M","-0.91%"
"Apr 13, 2018","13.15","13.01","13.24","12.98","11.51M","2.10%"
"Apr 12, 2018","12.88","12.95","12.99","12.82","10.66M","-1.53%"
"Apr 11, 2018","13.08","12.87","13.27","12.86","19.39M","2.43%"
"Apr 10, 2018","12.77","12.78","12.86","12.73","7.45M","0.71%"
"Apr 09, 2018","12.68","12.69","12.79","12.49","7.95M","-0.08%"
"Apr 06, 2018","12.69","12.66","12.77","12.59","9.04M","0.95%"
"Apr 05, 2018","12.57","12.41","12.63","12.40","7.28M","0.40%"
"Apr 04, 2018","12.52","12.60","12.71","12.44","8.43M","0.16%"
"Apr 03, 2018","12.50","12.60","12.61","12.34","8.10M","-0.95%"
"Apr 02, 2018","12.62","12.57","12.83","12.49","10.07M","1.37%"
"Mar 29, 2018","12.45","12.39","12.49","12.30","8.37M","0.48%"
"Mar 28, 2018","12.39","12.45","12.49","12.23","11.37M","-1.35%"
"Mar 27, 2018","12.56","12.61","12.70","12.46","10.49M","-1.57%"
"Mar 26, 2018","12.76","12.60","12.79","12.52","12.71M","2.08%"
"Mar 23, 2018","12.50","12.47","12.64","12.40","14.73M","2.71%"
"Mar 22, 2018","12.17","12.31","12.38","12.14","8.50M","-1.46%"
"Mar 21, 2018","12.35","12.12","12.46","12.07","15.07M","2.57%"
"Mar 20, 2018","12.04","12.20","12.29","11.81","18.34M","-1.79%"
"Mar 19, 2018","12.26","12.31","12.40","12.20","13.59M","-0.49%"
"Mar 16, 2018","12.32","12.26","12.35","12.15","19.49M","0.90%"
"Mar 15, 2018","12.21","12.29","12.35","12.19","9.23M","-0.89%"
"Mar 14, 2018","12.32","12.24","12.35","12.19","10.49M","1.15%"
"Mar 13, 2018","12.18","12.20","12.33","12.12","9.92M","0.41%"
"Mar 12, 2018","12.13","11.87","12.21","11.83","18.22M","2.62%"
"Mar 09, 2018","11.82","11.75","11.82","11.68","9.71M","0.42%"
"Mar 08, 2018","11.77","11.67","11.80","11.56","9.18M","0.60%"
"Mar 07, 2018","11.70","11.82","11.91","11.64","12.45M","-1.18%"
"Mar 06, 2018","11.84","11.82","12.00","11.76","12.95M","1.81%"
"Mar 05, 2018","11.63","11.50","11.69","11.48","11.16M","0.78%"
"Mar 02, 2018","11.54","11.50","11.70","11.42","21.41M","1.05%"
"Mar 01, 2018","11.42","11.43","11.44","11.07","36.05M","-0.87%"
"Feb 28, 2018","11.52","11.73","11.80","11.51","12.78M","-2.04%"
"Feb 27, 2018","11.76","12.10","12.15","11.71","22.44M","-3.76%"
"Feb 26, 2018","12.22","12.20","12.28","12.14","15.37M","0.33%"
"Feb 23, 2018","12.18","12.45","12.46","12.11","20.52M","-2.40%"
"Feb 22, 2018","12.48","12.65","12.75","12.45","12.93M","-1.42%"
"Feb 21, 2018","12.66","12.90","12.98","12.64","15.56M","-1.48%"
"Feb 20, 2018","12.85","13.00","13.05","12.81","11.53M","-2.50%"
"Feb 16, 2018","13.18","13.15","13.37","13.05","11.28M","-1.20%"
"Feb 15, 2018","13.34","13.70","13.82","13.00","19.29M","-2.27%"
"Feb 14, 2018","13.65","13.18","13.85","13.18","17.50M","3.25%"
"Feb 13, 2018","13.22","13.35","13.36","13.09","9.47M","-0.30%"
"Feb 12, 2018","13.26","13.14","13.40","13.05","15.17M","1.53%"
"Feb 09, 2018","13.06","13.17","13.20","12.60","19.85M","-1.28%"
"Feb 08, 2018","13.23","13.41","13.50","13.13","15.19M","-1.19%"
"Feb 07, 2018","13.39","13.36","13.65","13.30","12.35M","-0.74%"
"Feb 06, 2018","13.49","13.57","13.71","13.30","15.56M","-1.03%"
"Feb 05, 2018","13.63","13.82","13.86","13.45","17.22M","-0.80%"
"Feb 02, 2018","13.74","14.20","14.21","13.68","16.66M","-4.72%"
"Feb 01, 2018","14.42","14.27","14.52","14.18","7.32M","0.28%"
"Jan 31, 2018","14.38","14.38","14.53","14.15","13.30M","0.49%"
"Jan 30, 2018","14.31","14.42","14.53","14.18","9.92M","-0.28%"
"Jan 29, 2018","14.35","14.64","14.65","14.32","10.51M","-2.71%"
"Jan 26, 2018","14.75","14.77","14.91","14.69","7.93M","-0.34%"
"Jan 25, 2018","14.80","15.14","15.18","14.65","16.46M","-1.66%"
"Jan 24, 2018","15.05","15.17","15.52","15.03","17.77M","1.48%"
"Jan 23, 2018","14.83","14.47","14.93","14.34","11.94M","2.21%"
"Jan 22, 2018","14.51","14.39","14.57","14.30","8.74M","0.97%"
"Jan 19, 2018","14.37","14.42","14.50","14.35","7.33M","0.63%"
"Jan 18, 2018","14.28","14.72","14.72","14.25","15.31M","-2.33%"
"Jan 17, 2018","14.62","15.10","15.12","14.55","18.20M","-3.82%"
"Jan 16, 2018","15.20","15.31","15.38","14.93","18.47M","0.53%"
"Jan 12, 2018","15.12","14.84","15.15","14.67","15.26M","3.21%"
"Jan 11, 2018","14.65","14.66","14.73","14.61","7.13M","0.48%"
"Jan 10, 2018","14.58","14.69","14.84","14.56","10.59M","0.14%"
"Jan 09, 2018","14.56","14.64","14.72","14.45","6.82M","-1.22%"
"Jan 08, 2018","14.74","14.88","14.95","14.64","8.36M","-1.40%"
"Jan 05, 2018","14.95","14.99","15.00","14.87","6.52M","-0.53%"
"Jan 04, 2018","15.03","15.03","15.05","14.79","8.94M","0.20%"
"Jan 03, 2018","15.00","15.24","15.27","14.74","15.16M","-1.32%"
"Jan 02, 2018","15.20","14.65","15.24","14.61","15.22M","5.04%"
"Dec 29, 2017","14.47","14.46","14.56","14.40","5.62M","0.14%"
"Dec 28, 2017","14.45","14.54","14.58","14.34","6.39M","-0.28%"
"Dec 27, 2017","14.49","14.60","14.60","14.42","6.47M","-0.55%"
"Dec 26, 2017","14.57","14.50","14.68","14.48","4.85M","0.69%"
"Dec 22, 2017","14.47","14.47","14.54","14.40","5.19M","0.28%"
"Dec 21, 2017","14.43","14.40","14.54","14.34","7.20M","0.07%"
"Dec 20, 2017","14.42","14.33","14.49","14.29","7.99M","1.19%"
"Dec 19, 2017","14.25","14.29","14.39","14.18","7.27M","-0.49%"
"Dec 18, 2017","14.32","14.15","14.46","14.14","9.86M","1.85%"
"Dec 15, 2017","14.06","14.24","14.25","14.04","17.87M","-0.78%"
"Dec 14, 2017","14.17","14.09","14.30","14.00","10.95M","0.43%"
"Dec 13, 2017","14.11","13.68","14.18","13.68","15.86M","3.45%"
"Dec 12, 2017","13.64","13.62","13.68","13.47","8.13M","-0.07%"
"Dec 11, 2017","13.65","13.66","13.84","13.57","12.46M","0.00%"
"Dec 08, 2017","13.65","13.70","13.87","13.60","9.48M","-0.07%"
"Dec 07, 2017","13.66","13.29","13.75","13.28","10.98M","0.81%"
"Dec 06, 2017","13.55","13.74","13.75","13.54","11.33M","-1.60%"
"Dec 05, 2017","13.77","13.86","13.89","13.64","12.47M","-1.01%"
"Dec 04, 2017","13.91","14.03","14.05","13.87","11.35M","-1.14%"
"Dec 01, 2017","14.07","13.77","14.35","13.72","16.54M","2.10%"
"Nov 30, 2017","13.78","13.75","13.95","13.46","19.87M","-1.78%"
"Nov 29, 2017","14.03","14.07","14.20","13.98","9.16M","-0.99%"
"Nov 28, 2017","14.17","14.27","14.38","14.15","8.15M","-0.56%"
"Nov 27, 2017","14.25","14.30","14.35","14.19","9.00M","1.06%"
"Nov 24, 2017","14.10","14.26","14.33","14.10","8.63M","-0.28%"
"Nov 22, 2017","14.14","13.99","14.22","13.93","9.99M","1.58%"
"Nov 21, 2017","13.92","13.92","14.07","13.89","6.29M","0.14%"
"Nov 20, 2017","13.90","14.03","14.11","13.88","7.84M","-1.21%"
"Nov 17, 2017","14.07","13.95","14.14","13.88","9.33M","1.08%"
"Nov 16, 2017","13.92","13.95","14.01","13.88","7.44M","-0.22%"
"Nov 15, 2017","13.95","14.10","14.18","13.91","10.76M","-0.43%"
"Nov 14, 2017","14.01","13.84","14.07","13.84","7.61M","0.43%"
"Nov 13, 2017","13.95","13.97","14.02","13.93","7.35M","-0.21%"
"Nov 10, 2017","13.98","14.10","14.14","13.90","7.19M","-0.92%"
"Nov 09, 2017","14.11","14.06","14.13","13.95","8.25M","0.86%"
"Nov 08, 2017","13.99","14.10","14.15","13.97","7.32M","0.00%"
"Nov 07, 2017","13.99","13.98","14.06","13.92","6.31M","-0.14%"
"Nov 06, 2017","14.01","14.05","14.15","13.94","10.09M","0.07%"
"Nov 03, 2017","14.00","14.13","14.15","13.80","12.16M","-0.71%"
"Nov 02, 2017","14.10","14.18","14.36","14.05","13.36M","-0.84%"
"Nov 01, 2017","14.22","14.52","14.56","14.21","12.46M","-1.59%"
"Oct 31, 2017","14.45","14.61","14.63","14.41","10.11M","-1.63%"
"Oct 30, 2017","14.69","14.66","14.88","14.56","9.34M","0.07%"
"Oct 27, 2017","14.68","14.58","14.78","14.54","13.20M","1.17%"
"Oct 26, 2017","14.51","15.52","15.59","14.45","28.28M","-7.87%"
"Oct 25, 2017","15.75","15.90","15.98","15.64","17.01M","-0.63%"
"Oct 24, 2017","15.85","16.07","16.10","15.80","13.38M","-1.86%"
"Oct 23, 2017","16.15","15.94","16.22","15.94","7.44M","0.75%"
"Oct 20, 2017","16.03","16.04","16.13","15.93","8.86M","-0.43%"
"Oct 19, 2017","16.10","16.25","16.30","16.06","8.17M","-0.43%"
"Oct 18, 2017","16.17","16.15","16.28","16.07","6.21M","-0.31%"
"Oct 17, 2017","16.22","16.14","16.25","16.02","7.92M","-0.12%"
"Oct 16, 2017","16.24","16.68","16.69","16.18","9.90M","-2.58%"
"Oct 13, 2017","16.67","16.78","16.84","16.62","6.15M","-0.06%"
"Oct 12, 2017","16.68","16.75","16.82","16.61","5.67M","-0.48%"
"Oct 11, 2017","16.76","16.71","16.79","16.51","6.75M","0.66%"
"Oct 10, 2017","16.65","16.81","16.83","16.65","4.84M","-0.30%"
"Oct 09, 2017","16.70","16.67","16.79","16.66","5.41M","0.66%"
"Oct 06, 2017","16.59","16.38","16.65","16.20","6.36M","1.04%"
"Oct 05, 2017","16.42","16.46","16.50","16.36","4.94M","0.00%"
"Oct 04, 2017","16.42","16.42","16.47","16.28","5.34M","0.92%"
"Oct 03, 2017","16.27","16.09","16.38","16.09","8.04M","0.99%"
"Oct 02, 2017","16.11","16.03","16.15","15.95","8.00M","0.12%"
"Sep 29, 2017","16.09","16.20","16.24","16.06","6.43M","-0.68%"
"Sep 28, 2017","16.20","16.27","16.34","16.18","5.60M","-0.25%"
"Sep 27, 2017","16.24","16.27","16.38","16.22","7.67M","-1.10%"
"Sep 26, 2017","16.42","16.44","16.61","16.37","7.78M","-1.02%"
"Sep 25, 2017","16.59","16.34","16.61","16.25","7.71M","1.41%"
"Sep 22, 2017","16.36","16.46","16.48","16.26","7.22M","0.18%"
"Sep 21, 2017","16.33","16.21","16.55","16.16","7.73M","-0.85%"
"Sep 20, 2017","16.47","16.94","17.07","16.32","11.94M","-2.54%"
"Sep 19, 2017","16.90","16.98","17.02","16.70","7.93M","-0.12%"
"Sep 18, 2017","16.92","17.03","17.14","16.87","8.25M","-2.20%"
"Sep 15, 2017","17.30","17.20","17.34","17.07","11.02M","0.93%"
"Sep 14, 2017","17.14","17.04","17.17","16.87","10.69M","0.23%"
"Sep 13, 2017","17.10","17.41","17.42","17.07","8.89M","-1.89%"
"Sep 12, 2017","17.43","17.32","17.48","17.10","7.00M","0.11%"
"Sep 11, 2017","17.41","17.52","17.76","17.39","9.81M","-2.25%"
"Sep 08, 2017","17.81","17.98","18.03","17.63","10.51M","-1.06%"
"Sep 07, 2017","18.00","18.07","18.24","17.96","12.00M","0.84%"
"Sep 06, 2017","17.85","18.14","18.30","17.75","12.37M","-2.03%"
"Sep 05, 2017","18.22","18.29","18.35","18.11","11.18M","0.61%"
"Sep 01, 2017","18.11","18.16","18.18","17.82","8.31M","0.67%"
"Aug 31, 2017","17.99","17.76","18.07","17.69","9.12M","1.35%"
"Aug 30, 2017","17.75","17.73","18.04","17.65","9.59M","-0.39%"
"Aug 29, 2017","17.82","18.01","18.09","17.59","15.18M","0.85%"
"Aug 28, 2017","17.67","17.25","17.69","17.19","12.07M","3.09%"
"Aug 25, 2017","17.14","17.12","17.23","16.96","6.88M","0.53%"
"Aug 24, 2017","17.05","16.97","17.13","16.93","5.67M","0.18%"
"Aug 23, 2017","17.02","16.93","17.04","16.82","6.61M","0.95%"
"Aug 22, 2017","16.86","16.86","16.93","16.78","6.05M","-0.30%"
"Aug 21, 2017","16.91","16.71","16.99","16.71","8.31M","1.62%"
"Aug 18, 2017","16.64","17.10","17.27","16.59","13.80M","-1.25%"
"Aug 17, 2017","16.85","16.99","17.02","16.73","7.04M","-0.35%"
"Aug 16, 2017","16.91","16.59","17.00","16.50","9.40M","2.18%"
"Aug 15, 2017","16.55","16.42","16.67","16.39","5.85M","-1.02%"
"Aug 14, 2017","16.72","16.71","16.85","16.61","7.73M","-1.88%"
"Aug 11, 2017","17.04","17.01","17.18","16.87","12.10M","-0.18%"
"Aug 10, 2017","17.07","16.99","17.15","16.95","11.57M","2.03%"
"Aug 09, 2017","16.73","16.84","16.90","16.55","12.18M","1.39%"
"Aug 08, 2017","16.50","16.67","16.69","16.34","9.16M","-0.42%"
"Aug 07, 2017","16.57","16.64","16.77","16.51","6.65M","-0.24%"
"Aug 04, 2017","16.61","16.93","17.06","16.53","10.88M","-2.64%"
"Aug 03, 2017","17.06","17.14","17.31","17.03","8.91M","-0.47%"
"Aug 02, 2017","17.14","17.13","17.31","17.09","12.76M","-0.58%"
"Aug 01, 2017","17.24","16.79","17.41","16.65","16.85M","1.95%"
"Jul 31, 2017","16.91","16.81","17.08","16.70","9.53M","0.24%"
"Jul 28, 2017","16.87","16.68","16.93","16.55","12.82M","2.06%"
"Jul 27, 2017","16.53","16.54","17.12","16.41","18.85M","1.79%"
"Jul 26, 2017","16.24","15.90","16.37","15.81","18.46M","1.25%"
"Jul 25, 2017","16.04","15.44","16.09","15.44","24.81M","3.95%"
"Jul 24, 2017","15.43","16.23","16.23","15.40","16.67M","-4.69%"
"Jul 21, 2017","16.19","16.43","16.47","16.10","10.27M","-0.80%"
"Jul 20, 2017","16.32","16.10","16.41","16.05","10.84M","1.18%"
"Jul 19, 2017","16.13","16.12","16.23","16.02","6.26M","0.12%"
"Jul 18, 2017","16.11","16.30","16.32","16.09","7.17M","0.19%"
"Jul 17, 2017","16.08","16.14","16.27","16.06","7.25M","0.56%"
"Jul 14, 2017","15.99","15.97","16.16","15.94","10.30M","1.78%"
"Jul 13, 2017","15.71","15.90","15.98","15.69","7.45M","-0.95%"
"Jul 12, 2017","15.86","15.99","16.08","15.72","10.77M","-0.25%"
"Jul 11, 2017","15.90","15.77","15.93","15.55","7.14M","0.51%"
"Jul 10, 2017","15.82","15.28","15.86","15.25","10.49M","3.06%"
"Jul 07, 2017","15.35","15.60","15.66","15.28","13.83M","-1.98%"
"Jul 06, 2017","15.66","15.83","15.86","15.60","10.41M","-1.76%"
"Jul 05, 2017","15.94","15.62","15.98","15.51","11.03M","2.11%"
"Jul 03, 2017","15.61","15.58","15.70","15.41","7.22M","-1.89%"
"Jun 30, 2017","15.91","15.88","16.01","15.78","8.84M","0.06%"
"Jun 29, 2017","15.90","16.13","16.13","15.70","11.36M","-1.43%"
"Jun 28, 2017","16.13","16.27","16.27","15.91","8.06M","0.31%"
"Jun 27, 2017","16.08","16.52","16.59","16.04","9.87M","-1.59%"
"Jun 26, 2017","16.34","16.29","16.50","16.27","6.91M","-0.85%"
"Jun 23, 2017","16.48","16.35","16.50","16.24","10.56M","2.42%"
"Jun 22, 2017","16.09","15.97","16.15","15.88","9.76M","2.22%"
"Jun 21, 2017","15.74","15.67","15.77","15.53","6.28M","1.03%"
"Jun 20, 2017","15.58","15.71","15.72","15.51","9.13M","-0.76%"
"Jun 19, 2017","15.70","15.61","15.85","15.60","8.62M","0.06%"
"Jun 16, 2017","15.69","15.69","15.81","15.55","13.10M","0.32%"
"Jun 15, 2017","15.64","15.63","15.86","15.53","17.63M","-1.94%"
"Jun 14, 2017","15.95","16.53","16.59","15.93","19.22M","-2.33%"
"Jun 13, 2017","16.33","16.32","16.44","16.20","8.26M","-0.43%"
"Jun 12, 2017","16.40","16.24","16.53","16.23","9.00M","0.49%"
"Jun 09, 2017","16.32","16.37","16.48","16.26","12.56M","-1.92%"
"Jun 08, 2017","16.64","16.82","16.83","16.42","11.67M","-1.48%"
"Jun 07, 2017","16.89","16.96","16.98","16.73","11.61M","-0.88%"
"Jun 06, 2017","17.04","16.51","17.04","16.49","18.44M","5.25%"
"Jun 05, 2017","16.19","16.24","16.31","16.05","6.87M","-0.06%"
"Jun 02, 2017","16.20","16.45","16.61","16.20","11.91M","-0.25%"
"Jun 01, 2017","16.24","16.31","16.43","16.23","9.92M","-1.81%"
"May 31, 2017","16.54","16.47","16.71","16.33","16.23M","0.73%"
"May 30, 2017","16.42","16.35","16.61","16.34","9.00M","0.24%"
"May 26, 2017","16.38","16.49","16.54","16.22","11.78M","0.55%"
"May 25, 2017","16.29","16.60","16.61","16.23","13.91M","-2.51%"
"May 24, 2017","16.71","16.47","16.74","16.30","13.40M","1.77%"
"May 23, 2017","16.42","16.91","17.09","16.41","12.35M","-2.73%"
"May 22, 2017","16.88","16.80","17.00","16.71","8.43M","1.38%"
"May 19, 2017","16.65","16.75","16.76","16.50","11.95M","0.85%"
"May 18, 2017","16.51","17.06","17.07","16.50","14.18M","-3.51%"
"May 17, 2017","17.11","17.34","17.38","16.89","21.33M","0.88%"
"May 16, 2017","16.96","17.01","17.05","16.89","10.01M","0.36%"
"May 15, 2017","16.90","17.08","17.11","16.77","9.87M","0.18%"
"May 12, 2017","16.87","16.83","16.95","16.71","10.70M","1.02%"
"May 11, 2017","16.70","16.47","16.84","16.39","14.67M","1.89%"
"May 10, 2017","16.39","16.47","16.54","16.29","11.24M","0.68%"
"May 09, 2017","16.28","16.18","16.30","16.03","11.22M","0.12%"
"May 08, 2017","16.26","16.23","16.29","15.98","10.65M","0.68%"
"May 05, 2017","16.15","16.26","16.36","16.10","13.01M","0.94%"
"May 04, 2017","16.00","16.00","16.13","15.86","13.13M","-1.30%"
"May 03, 2017","16.21","16.37","16.51","16.18","16.06M","-1.22%"
"May 02, 2017","16.41","16.35","16.53","16.24","12.84M","0.31%"
"May 01, 2017","16.36","16.59","16.78","16.31","14.71M","-2.15%"
"Apr 28, 2017","16.72","16.80","17.02","16.69","16.59M","0.06%"
"Apr 27, 2017","16.71","16.91","16.99","16.57","20.27M","-1.47%"
"Apr 26, 2017","16.96","17.12","17.12","16.59","24.48M","0.41%"
"Apr 25, 2017","16.89","18.19","18.21","16.86","51.41M","-11.29%"
"Apr 24, 2017","19.04","18.92","19.26","18.82","14.31M","-0.99%"
"Apr 21, 2017","19.23","19.15","19.38","19.00","10.49M","0.16%"
"Apr 20, 2017","19.20","19.06","19.28","18.80","11.58M","1.53%"
"Apr 19, 2017","18.91","19.49","19.65","18.78","18.92M","-4.06%"
"Apr 18, 2017","19.71","19.86","19.87","19.54","10.33M","-0.66%"
"Apr 17, 2017","19.84","19.88","20.04","19.75","7.01M","0.05%"
"Apr 13, 2017","19.83","20.30","20.32","19.81","15.72M","-1.93%"
"Apr 12, 2017","20.22","20.05","20.36","19.86","13.98M","0.65%"
"Apr 11, 2017","20.09","19.76","20.12","19.64","17.83M","3.18%"
"Apr 10, 2017","19.47","19.10","19.53","18.89","9.83M","1.72%"
"Apr 07, 2017","19.14","19.68","19.71","18.94","12.94M","-0.73%"
"Apr 06, 2017","19.28","19.37","19.39","19.15","7.32M","-0.41%"
"Apr 05, 2017","19.36","19.18","19.54","19.02","9.59M","-0.51%"
"Apr 04, 2017","19.46","19.42","19.53","19.33","6.83M","0.78%"
"Apr 03, 2017","19.31","18.95","19.32","18.92","6.71M","1.69%"
"Mar 31, 2017","18.99","18.88","19.25","18.78","8.68M","0.80%"
"Mar 30, 2017","18.84","19.06","19.18","18.69","8.69M","-1.82%"
"Mar 29, 2017","19.19","19.00","19.22","18.92","7.27M","0.58%"
"Mar 28, 2017","19.08","19.52","19.75","19.01","11.30M","-2.65%"
"Mar 27, 2017","19.60","19.62","19.77","19.39","10.21M","2.03%"
"Mar 24, 2017","19.21","19.26","19.41","19.17","6.52M","-0.83%"
"Mar 23, 2017","19.37","19.55","19.65","19.07","11.47M","-0.56%"
"Mar 22, 2017","19.48","19.66","19.77","19.31","9.94M","0.15%"
"Mar 21, 2017","19.45","19.11","19.59","19.09","14.11M","2.05%"
"Mar 20, 2017","19.06","18.93","19.11","18.82","7.94M","1.11%"
"Mar 17, 2017","18.85","19.03","19.24","18.75","15.09M","-0.32%"
"Mar 16, 2017","18.91","19.44","19.50","18.86","15.77M","-0.58%"
"Mar 15, 2017","19.02","17.95","19.07","17.70","23.31M","6.85%"
"Mar 14, 2017","17.80","18.23","18.50","17.72","12.90M","-2.57%"
"Mar 13, 2017","18.27","18.38","18.39","18.04","9.83M","0.38%"
"Mar 10, 2017","18.20","17.83","18.29","17.75","12.91M","2.71%"
"Mar 09, 2017","17.72","17.78","17.97","17.67","8.73M","-0.56%"
"Mar 08, 2017","17.82","17.56","17.99","17.35","13.07M","0.28%"
"Mar 07, 2017","17.77","17.80","17.99","17.59","13.91M","-1.39%"
"Mar 06, 2017","18.02","18.21","18.24","17.82","13.09M","-1.21%"
"Mar 03, 2017","18.24","17.91","18.43","17.76","21.51M","1.11%"
"Mar 02, 2017","18.04","18.39","18.51","17.92","32.75M","-4.60%"
"Mar 01, 2017","18.91","18.24","19.12","18.14","18.16M","1.78%"
"Feb 28, 2017","18.58","19.17","19.36","18.02","32.53M","-1.75%"
"Feb 27, 2017","18.91","19.59","20.14","18.80","19.35M","-3.22%"
"Feb 24, 2017","19.54","20.00","20.04","19.51","13.36M","-0.76%"
"Feb 23, 2017","19.69","20.18","20.26","19.68","15.88M","-0.91%"
"Feb 22, 2017","19.87","19.94","20.09","19.51","13.65M","-1.19%"
"Feb 21, 2017","20.11","19.98","20.15","19.72","11.71M","-0.30%"
"Feb 17, 2017","20.17","20.42","20.78","20.16","17.09M","-1.61%"
"Feb 16, 2017","20.50","19.74","20.74","19.65","34.71M","6.11%"
"Feb 15, 2017","19.32","19.00","19.37","18.84","12.78M","0.26%"
"Feb 14, 2017","19.27","19.54","19.58","19.10","14.02M","-0.77%"
"Feb 13, 2017","19.42","19.29","19.51","19.21","11.87M","-0.36%"
"Feb 10, 2017","19.49","18.85","19.50","18.80","15.64M","1.78%"
"Feb 09, 2017","19.15","19.63","19.65","19.03","14.43M","-2.25%"
"Feb 08, 2017","19.59","19.50","19.65","19.34","12.51M","1.35%"
"Feb 07, 2017","19.33","19.20","19.49","19.00","13.16M","-0.46%"
"Feb 06, 2017","19.42","19.17","19.42","18.96","12.25M","2.59%"
"Feb 03, 2017","18.93","18.82","19.18","18.77","11.77M","-0.05%"
"Feb 02, 2017","18.94","18.95","18.97","18.59","17.87M","2.49%"
"Feb 01, 2017","18.48","18.16","18.52","18.06","16.19M","0.22%"
"Jan 31, 2017","18.44","18.46","18.60","18.25","22.46M","2.39%"
"Jan 30, 2017","18.01","17.91","18.31","17.84","17.20M","1.24%"
"Jan 27, 2017","17.79","17.85","18.09","17.71","13.23M","-0.45%"
"Jan 26, 2017","17.87","17.58","18.06","17.53","19.27M","-1.05%"
"Jan 25, 2017","18.06","17.76","18.08","17.66","18.39M","-0.39%"
"Jan 24, 2017","18.13","17.79","18.35","17.72","28.88M","1.74%"
"Jan 23, 2017","17.82","17.40","17.83","17.21","19.93M","4.15%"
"Jan 20, 2017","17.11","16.97","17.34","16.92","17.74M","1.12%"
"Jan 19, 2017","16.92","16.64","17.04","16.55","15.55M","0.59%"
"Jan 18, 2017","16.82","17.19","17.27","16.68","17.11M","-2.44%"
"Jan 17, 2017","17.24","17.60","17.71","17.18","18.82M","2.19%"
"Jan 13, 2017","16.87","16.76","16.94","16.45","12.43M","-0.12%"
"Jan 12, 2017","16.89","17.05","17.28","16.70","21.01M","1.26%"
"Jan 11, 2017","16.68","16.76","16.81","16.14","22.51M","-0.71%"
"Jan 10, 2017","16.80","17.03","17.22","16.56","17.28M","-1.00%"
"Jan 09, 2017","16.97","17.28","17.30","16.86","15.60M","0.24%"
"Jan 06, 2017","16.93","17.02","17.37","16.69","17.82M","-2.53%"
"Jan 05, 2017","17.37","16.78","17.50","16.76","26.86M","5.91%"
"Jan 04, 2017","16.40","16.56","16.63","16.17","13.71M","0.06%"
"Jan 03, 2017","16.39","16.00","16.44","15.87","18.58M","2.57%"
"Dec 30, 2016","15.98","16.44","16.84","15.94","18.79M","-2.50%"
"Dec 29, 2016","16.39","15.60","16.46","15.52","29.87M","7.26%"
"Dec 28, 2016","15.28","14.80","15.30","14.64","18.03M","2.83%"
"Dec 27, 2016","14.86","14.71","14.97","14.61","11.19M","2.13%"
"Dec 23, 2016","14.55","14.18","14.60","14.16","12.43M","3.05%"
"Dec 22, 2016","14.12","14.12","14.33","14.03","11.05M","-0.28%"
"Dec 21, 2016","14.16","14.25","14.34","14.01","13.52M","-1.26%"
"Dec 20, 2016","14.34","13.99","14.41","13.94","13.24M","0.70%"
"Dec 19, 2016","14.24","14.26","14.41","14.08","13.87M","-0.28%"
"Dec 16, 2016","14.28","14.22","14.46","13.94","28.36M","2.00%"
"Dec 15, 2016","14.00","14.25","14.35","13.80","37.33M","-4.96%"
"Dec 14, 2016","14.73","15.90","16.14","14.71","32.20M","-6.42%"
"Dec 13, 2016","15.74","15.23","15.79","15.23","14.78M","2.81%"
"Dec 12, 2016","15.31","15.58","15.62","15.09","18.40M","-0.91%"
"Dec 09, 2016","15.45","15.84","15.86","15.32","15.56M","-2.95%"
"Dec 08, 2016","15.92","15.75","15.95","15.74","10.83M","0.82%"
"Dec 07, 2016","15.79","15.67","15.99","15.65","16.78M","1.94%"
"Dec 06, 2016","15.49","15.68","15.94","15.38","17.46M","-1.40%"
"Dec 05, 2016","15.71","15.35","15.95","15.16","22.99M","0.32%"
"Dec 02, 2016","15.66","15.24","15.86","15.04","19.26M","4.26%"
"Dec 01, 2016","15.02","14.95","15.31","14.79","18.42M","0.00%"
"Nov 30, 2016","15.02","15.20","15.26","14.71","22.95M","-2.72%"
"Nov 29, 2016","15.44","15.08","15.53","15.01","14.89M","0.26%"
"Nov 28, 2016","15.40","15.09","15.44","14.90","15.15M","4.34%"
"Nov 25, 2016","14.76","14.76","14.95","14.61","8.00M","0.89%"
"Nov 23, 2016","14.63","14.65","14.78","14.35","21.37M","-4.69%"
"Nov 22, 2016","15.35","15.47","15.48","14.79","14.78M","-0.26%"
"Nov 21, 2016","15.39","15.55","15.64","15.33","10.23M","0.65%"
"Nov 18, 2016","15.29","15.18","15.36","14.94","14.55M","-0.46%"
"Nov 17, 2016","15.36","15.65","15.96","15.11","16.13M","-1.54%"
"Nov 16, 2016","15.60","15.55","15.76","15.31","16.74M","0.13%"
"Nov 15, 2016","15.58","14.78","15.60","14.69","27.13M","6.42%"
"Nov 14, 2016","14.64","14.56","15.16","13.95","35.88M","-1.35%"
"Nov 11, 2016","14.84","15.79","15.82","14.66","34.92M","-5.90%"
"Nov 10, 2016","15.77","17.10","17.13","15.58","36.12M","-8.58%"
"Nov 09, 2016","17.25","18.30","18.30","16.79","33.91M","0.58%"
"Nov 08, 2016","17.15","17.36","17.65","16.99","14.31M","-1.15%"
"Nov 07, 2016","17.35","17.56","17.64","17.01","14.29M","-5.04%"
"Nov 04, 2016","18.27","18.30","18.38","18.01","11.74M","-0.33%"
"Nov 03, 2016","18.33","18.00","18.63","17.93","12.35M","1.05%"
"Nov 02, 2016","18.14","18.67","18.95","17.88","25.10M","-1.47%"
"Nov 01, 2016","18.41","17.99","18.73","17.97","26.24M","4.66%"
"Oct 31, 2016","17.59","17.17","17.62","17.00","15.42M","2.99%"
"Oct 28, 2016","17.08","16.81","17.40","16.70","16.95M","1.36%"
"Oct 27, 2016","16.85","17.10","17.28","16.62","13.32M","1.20%"
"Oct 26, 2016","16.65","16.85","16.95","16.49","11.48M","-1.42%"
"Oct 25, 2016","16.89","16.68","17.94","16.48","19.98M","2.18%"
"Oct 24, 2016","16.53","16.99","17.04","16.29","13.48M","-2.30%"
"Oct 21, 2016","16.92","17.02","17.07","16.74","8.52M","-0.70%"
"Oct 20, 2016","17.04","17.32","17.34","16.64","15.88M","-1.45%"
"Oct 19, 2016","17.29","16.70","17.43","16.44","29.59M","5.62%"
"Oct 18, 2016","16.37","16.26","16.45","16.07","13.59M","2.96%"
"Oct 17, 2016","15.90","15.73","16.02","15.70","7.45M","1.34%"
"Oct 14, 2016","15.69","15.80","16.09","15.67","11.52M","-1.94%"
"Oct 13, 2016","16.00","16.01","16.36","15.70","13.26M","1.07%"
"Oct 12, 2016","15.83","15.61","16.05","15.47","16.40M","2.00%"
"Oct 11, 2016","15.52","15.63","15.89","15.42","14.36M","-0.39%"
"Oct 10, 2016","15.58","15.92","15.97","15.51","12.98M","-0.95%"
"Oct 07, 2016","15.73","16.10","16.16","15.31","22.01M","0.58%"
"Oct 06, 2016","15.64","15.54","15.79","15.30","18.02M","-2.13%"
"Oct 05, 2016","15.98","15.80","16.03","15.53","17.99M","3.43%"
"Oct 04, 2016","15.45","16.75","16.77","15.39","37.04M","-11.16%"
"Oct 03, 2016","17.39","17.70","17.87","17.25","10.31M","-1.86%"
"Sep 30, 2016","17.72","18.32","18.39","17.68","11.20M","-1.23%"
"Sep 29, 2016","17.94","17.90","18.14","17.65","9.71M","-0.44%"
"Sep 28, 2016","18.02","17.61","18.19","17.29","11.93M","2.39%"
"Sep 27, 2016","17.60","17.73","17.83","17.37","11.57M","-1.79%"
"Sep 26, 2016","17.92","18.20","18.42","17.90","10.41M","-1.05%"
"Sep 23, 2016","18.11","18.52","18.54","18.02","10.71M","-2.27%"
"Sep 22, 2016","18.53","18.92","19.19","18.30","18.68M","-0.86%"
"Sep 21, 2016","18.69","17.48","18.80","17.43","27.35M","8.66%"
"Sep 20, 2016","17.20","17.25","17.44","17.09","8.65M","0.06%"
"Sep 19, 2016","17.19","17.59","17.65","17.15","8.79M","-0.87%"
"Sep 16, 2016","17.34","17.47","17.79","17.06","22.76M","-1.76%"
"Sep 15, 2016","17.65","17.15","18.20","17.00","25.98M","2.68%"
"Sep 14, 2016","17.19","17.47","17.63","16.95","16.07M","-0.58%"
"Sep 13, 2016","17.29","17.57","17.72","17.06","14.61M","-2.70%"
"Sep 12, 2016","17.77","17.24","18.00","17.12","19.47M","1.37%"
"Sep 09, 2016","17.53","18.21","18.23","17.31","18.50M","-4.88%"
"Sep 08, 2016","18.43","18.87","19.07","18.35","11.36M","-2.54%"
"Sep 07, 2016","18.91","18.95","19.01","18.45","12.27M","-0.68%"
"Sep 06, 2016","19.04","18.66","19.08","18.51","17.27M","4.85%"
"Sep 02, 2016","18.16","18.34","18.66","17.88","22.97M","2.02%"
"Sep 01, 2016","17.80","16.88","17.97","16.76","22.56M","4.64%"
"Aug 31, 2016","17.01","17.11","17.48","16.75","36.42M","-2.35%"
"Aug 30, 2016","17.42","18.23","18.25","17.28","18.92M","-5.27%"
"Aug 29, 2016","18.39","17.99","18.62","17.90","10.22M","0.93%"
"Aug 26, 2016","18.22","18.71","18.99","17.91","22.44M","-0.33%"
"Aug 25, 2016","18.28","18.13","18.53","18.00","17.16M","0.61%"
"Aug 24, 2016","18.17","19.72","19.73","18.05","30.37M","-9.56%"
"Aug 23, 2016","20.09","20.47","20.60","20.05","10.54M","-1.47%"
"Aug 22, 2016","20.39","20.17","20.41","20.08","8.99M","-1.07%"
"Aug 19, 2016","20.61","20.70","20.77","20.47","9.10M","-2.04%"
"Aug 18, 2016","21.04","21.01","21.19","20.89","8.46M","0.81%"
"Aug 17, 2016","20.87","21.08","21.09","20.38","14.91M","-2.11%"
"Aug 16, 2016","21.32","21.56","21.62","20.92","13.67M","-0.88%"
"Aug 15, 2016","21.51","21.71","21.82","21.41","8.00M","-1.10%"
"Aug 12, 2016","21.75","22.08","22.19","21.62","8.43M","0.05%"
"Aug 11, 2016","21.74","21.74","22.09","21.63","10.02M","-0.14%"
"Aug 10, 2016","21.77","22.07","22.09","21.54","15.64M","1.30%"
"Aug 09, 2016","21.49","21.55","21.65","21.36","10.66M","0.33%"
"Aug 08, 2016","21.42","21.16","21.80","21.13","12.22M","0.85%"
"Aug 05, 2016","21.24","21.58","21.76","21.07","23.50M","-5.05%"
"Aug 04, 2016","22.37","22.59","22.70","22.35","12.08M","-0.22%"
"Aug 03, 2016","22.42","22.54","22.57","22.08","11.69M","-1.19%"
"Aug 02, 2016","22.69","22.48","22.94","22.30","19.35M","2.07%"
"Aug 01, 2016","22.23","21.84","22.30","21.52","14.48M","1.69%"
"Jul 29, 2016","21.86","21.65","22.10","21.54","14.77M","2.77%"
"Jul 28, 2016","21.27","21.48","21.72","20.85","17.98M","-0.37%"
"Jul 27, 2016","21.35","20.79","21.44","20.44","19.96M","4.40%"
"Jul 26, 2016","20.45","20.18","20.54","19.95","15.63M","3.13%"
"Jul 25, 2016","19.83","20.27","20.29","19.53","17.67M","-3.50%"
"Jul 22, 2016","20.55","20.31","20.72","20.18","11.84M","0.69%"
"Jul 21, 2016","20.41","20.24","20.58","20.03","24.98M","2.51%"
"Jul 20, 2016","19.91","21.02","21.07","19.84","24.66M","-7.70%"
"Jul 19, 2016","21.57","21.52","21.66","21.35","10.92M","-0.19%"
"Jul 18, 2016","21.61","21.42","21.62","21.26","10.09M","0.98%"
"Jul 15, 2016","21.40","21.14","21.57","21.09","13.24M","-0.33%"
"Jul 14, 2016","21.47","20.57","21.49","20.35","21.13M","1.85%"
"Jul 13, 2016","21.08","21.11","21.32","20.81","26.85M","2.23%"
"Jul 12, 2016","20.62","21.97","22.00","20.60","33.61M","-6.44%"
"Jul 11, 2016","22.04","21.99","22.20","21.84","19.64M","-1.25%"
"Jul 08, 2016","22.32","22.19","22.52","21.83","26.80M","-0.13%"
"Jul 07, 2016","22.35","23.00","23.03","21.94","24.50M","-3.50%"
"Jul 06, 2016","23.16","22.82","23.47","22.76","27.34M","3.39%"
"Jul 05, 2016","22.40","22.47","22.63","21.75","20.97M","0.86%"
"Jul 01, 2016","22.21","21.83","22.32","21.65","19.04M","4.03%"
"Jun 30, 2016","21.35","21.00","21.43","20.85","16.04M","2.79%"
"Jun 29, 2016","20.77","20.83","21.35","20.74","24.51M","0.68%"
"Jun 28, 2016","20.63","20.54","21.03","20.42","18.66M","-2.27%"
"Jun 27, 2016","21.11","21.00","21.39","20.19","30.85M","3.13%"
"Jun 24, 2016","20.47","21.00","21.08","19.97","29.07M","5.79%"
"Jun 23, 2016","19.35","19.44","19.77","19.26","10.31M","-1.53%"
"Jun 22, 2016","19.65","19.22","19.70","19.00","14.41M","2.56%"
"Jun 21, 2016","19.16","19.39","19.66","19.15","21.17M","-3.04%"
"Jun 20, 2016","19.76","19.39","19.86","19.15","17.29M","-1.74%"
"Jun 17, 2016","20.11","20.41","20.52","19.81","34.18M","0.25%"
"Jun 16, 2016","20.06","21.21","21.40","19.89","26.98M","-2.15%"
"Jun 15, 2016","20.50","19.68","20.78","19.65","22.49M","3.59%"
"Jun 14, 2016","19.79","20.29","20.33","19.61","16.45M","-2.13%"
"Jun 13, 2016","20.22","20.35","20.47","19.96","20.67M","3.11%"
"Jun 10, 2016","19.61","19.83","20.44","19.50","24.42M","0.15%"
"Jun 09, 2016","19.58","19.23","19.67","19.18","12.85M","1.87%"
"Jun 08, 2016","19.22","19.54","19.92","19.10","19.43M","2.13%"
"Jun 07, 2016","18.82","18.70","19.07","18.66","11.31M","-0.53%"
"Jun 06, 2016","18.92","19.09","19.20","18.55","18.18M","-1.36%"
"Jun 03, 2016","19.18","18.00","19.23","18.00","30.03M","13.09%"
"Jun 02, 2016","16.96","16.71","17.07","16.63","10.79M","0.36%"
"Jun 01, 2016","16.90","16.99","17.24","16.62","13.25M","0.78%"
"May 31, 2016","16.77","16.59","17.20","16.40","24.95M","0.90%"
"May 27, 2016","16.62","16.95","17.20","16.54","20.21M","-2.98%"
"May 26, 2016","17.13","17.60","17.78","16.97","15.78M","-0.87%"
"May 25, 2016","17.28","16.71","17.49","16.24","21.65M","2.19%"
"May 24, 2016","16.91","17.50","17.80","16.89","18.62M","-5.58%"
"May 23, 2016","17.91","17.85","18.21","17.67","14.19M","-1.59%"
"May 20, 2016","18.20","18.30","18.47","17.60","15.00M","0.28%"
"May 19, 2016","18.15","17.27","18.29","17.05","24.40M","3.01%"
"May 18, 2016","17.62","19.06","19.38","17.57","29.60M","-9.03%"
"May 17, 2016","19.37","18.78","19.73","18.67","24.64M","2.43%"
"May 16, 2016","18.91","18.89","19.14","18.65","14.32M","2.72%"
"May 13, 2016","18.41","18.09","18.69","18.09","13.04M","1.60%"
"May 12, 2016","18.12","18.42","18.65","17.95","11.75M","-1.74%"
"May 11, 2016","18.44","18.45","18.75","17.86","17.90M","2.84%"
"May 10, 2016","17.93","17.42","18.00","17.21","14.47M","3.11%"
"May 09, 2016","17.39","17.81","17.90","17.30","15.20M","-5.85%"
"May 06, 2016","18.47","18.16","18.84","18.14","17.34M","3.36%"
"May 05, 2016","17.87","17.81","18.19","17.49","16.45M","2.35%"
"May 04, 2016","17.46","17.81","18.47","17.32","24.39M","-5.01%"
"May 03, 2016","18.38","18.71","18.91","18.18","21.67M","-3.82%"
"May 02, 2016","19.11","19.46","19.50","18.83","32.06M","-1.34%"
"Apr 29, 2016","19.37","17.96","19.40","17.95","35.56M","10.37%"
"Apr 28, 2016","17.55","16.79","17.65","16.76","18.31M","5.66%"
"Apr 27, 2016","16.61","16.59","16.72","16.12","18.36M","0.79%"
"Apr 26, 2016","16.48","16.16","16.59","16.03","15.02M","2.30%"
"Apr 25, 2016","16.11","16.25","16.29","16.01","13.94M","-0.06%"
"Apr 22, 2016","16.12","16.14","16.55","15.81","15.88M","-1.35%"
"Apr 21, 2016","16.34","16.23","16.70","16.02","24.33M","2.83%"
"Apr 20, 2016","15.89","16.31","16.65","15.61","24.83M","-2.63%"
"Apr 19, 2016","16.32","16.37","16.57","16.10","20.99M","3.16%"
"Apr 18, 2016","15.82","15.92","15.92","15.54","11.41M","1.15%"
"Apr 15, 2016","15.64","15.48","15.76","15.19","12.92M","1.43%"
"Apr 14, 2016","15.42","16.00","16.14","15.10","21.16M","-3.93%"
"Apr 13, 2016","16.05","16.01","16.25","15.86","15.61M","-1.83%"
"Apr 12, 2016","16.35","16.28","16.66","15.95","19.12M","0.25%"
"Apr 11, 2016","16.31","15.45","16.37","15.42","26.12M","7.44%"
"Apr 08, 2016","15.18","14.61","15.32","14.61","20.66M","4.55%"
"Apr 07, 2016","14.52","14.28","14.68","14.25","23.74M","3.94%"
"Apr 06, 2016","13.97","13.91","14.10","13.80","17.24M","-0.29%"
"Apr 05, 2016","14.01","13.90","14.05","13.52","13.43M","3.78%"
"Apr 04, 2016","13.50","13.58","13.69","13.39","11.37M","-1.10%"
"Apr 01, 2016","13.65","13.21","13.70","13.04","14.61M","0.52%"
"Mar 31, 2016","13.58","13.96","14.00","13.57","11.41M","-1.16%"
"Mar 30, 2016","13.74","13.94","14.04","13.50","15.90M","-2.21%"
"Mar 29, 2016","14.05","13.71","14.15","13.54","18.28M","3.23%"
"Mar 28, 2016","13.61","13.59","13.69","13.34","9.79M","0.37%"
"Mar 24, 2016","13.56","13.38","13.67","13.24","13.02M","2.19%"
"Mar 23, 2016","13.27","13.93","13.93","13.23","31.74M","-8.48%"
"Mar 22, 2016","14.50","14.98","15.07","14.42","16.88M","-1.29%"
"Mar 21, 2016","14.69","14.63","14.90","14.54","15.67M","-0.34%"
"Mar 18, 2016","14.74","14.67","15.02","14.55","23.75M","-0.27%"
"Mar 17, 2016","14.78","15.25","15.52","14.75","31.42M","-2.64%"
"Mar 16, 2016","15.18","13.96","15.22","13.74","30.39M","6.98%"
"Mar 15, 2016","14.19","13.78","14.25","13.63","26.89M","3.80%"
"Mar 14, 2016","13.67","14.07","14.28","13.66","18.80M","-2.01%"
"Mar 11, 2016","13.95","14.10","14.34","13.87","15.39M","-1.55%"
"Mar 10, 2016","14.17","13.97","14.36","13.86","23.65M","3.51%"
"Mar 09, 2016","13.69","12.89","13.79","12.64","38.51M","2.70%"
"Mar 08, 2016","13.33","14.14","14.32","13.14","25.47M","-3.82%"
"Mar 07, 2016","13.86","13.97","14.67","13.61","31.95M","1.02%"
"Mar 04, 2016","13.72","14.05","14.80","13.61","31.81M","-1.37%"
"Mar 03, 2016","13.91","13.57","14.09","13.56","20.36M","2.43%"
"Mar 02, 2016","13.58","13.30","13.60","13.23","14.81M","2.34%"
"Mar 01, 2016","13.27","14.00","14.02","13.10","21.34M","-4.46%"
"Feb 29, 2016","13.89","13.64","14.00","13.60","17.06M","2.66%"
"Feb 26, 2016","13.53","13.03","13.60","13.03","18.68M","-0.37%"
"Feb 25, 2016","13.58","13.35","13.87","13.35","21.65M","0.74%"
"Feb 24, 2016","13.48","13.92","14.45","13.16","40.16M","-0.44%"
"Feb 23, 2016","13.54","12.95","13.57","12.90","34.53M","5.62%"
"Feb 22, 2016","12.82","12.16","13.13","12.12","24.53M","2.07%"
"Feb 19, 2016","12.56","12.46","12.94","12.40","23.41M","-0.55%"
"Feb 18, 2016","12.63","11.76","12.67","11.68","32.23M","6.22%"
"Feb 17, 2016","11.89","11.73","12.00","11.50","22.67M","2.59%"
"Feb 16, 2016","11.59","11.56","12.04","11.49","24.51M","-5.39%"
"Feb 12, 2016","12.25","11.69","12.32","11.62","18.95M","2.34%"
"Feb 11, 2016","11.97","12.61","12.66","11.91","33.80M","3.37%"
"Feb 10, 2016","11.58","10.92","11.60","10.57","27.52M","3.21%"
"Feb 09, 2016","11.22","12.05","12.17","11.18","32.38M","-5.79%"
"Feb 08, 2016","11.91","11.93","12.46","11.79","39.14M","2.32%"
"Feb 05, 2016","11.64","10.82","11.64","10.61","23.22M","4.11%"
"Feb 04, 2016","11.18","10.91","11.44","10.84","33.19M","4.19%"
"Feb 03, 2016","10.73","9.98","10.80","9.96","23.07M","8.82%"
"Feb 02, 2016","9.86","9.90","10.05","9.65","12.45M","-2.09%"
"Feb 01, 2016","10.07","10.03","10.30","9.88","16.79M","1.61%"
"Jan 29, 2016","9.91","9.50","9.95","9.50","17.99M","2.59%"
"Jan 28, 2016","9.66","9.53","9.94","9.30","24.91M","-1.83%"
"Jan 27, 2016","9.84","9.29","9.88","9.23","29.43M","3.25%"
"Jan 26, 2016","9.53","9.41","9.56","9.29","28.80M","2.80%"
"Jan 25, 2016","9.27","8.74","9.34","8.69","36.76M","8.04%"
"Jan 22, 2016","8.58","8.10","8.64","8.09","23.26M","3.00%"
"Jan 21, 2016","8.33","7.92","8.35","7.82","23.64M","2.71%"
"Jan 20, 2016","8.11","7.80","8.25","7.77","29.24M","6.85%"
"Jan 19, 2016","7.59","7.96","7.98","7.38","30.79M","-3.92%"
"Jan 15, 2016","7.90","7.99","8.04","7.77","33.73M","4.22%"
"Jan 14, 2016","7.58","7.90","8.08","7.44","24.02M","-5.72%"
"Jan 13, 2016","8.04","7.82","8.25","7.80","20.81M","1.77%"
"Jan 12, 2016","7.90","8.04","8.05","7.71","21.54M","-3.07%"
"Jan 11, 2016","8.15","8.46","8.52","7.95","23.09M","-3.21%"
"Jan 08, 2016","8.42","8.48","8.69","8.29","23.23M","-3.77%"
"Jan 07, 2016","8.75","8.23","8.83","8.22","38.30M","10.20%"
"Jan 06, 2016","7.94","7.83","8.06","7.82","27.69M","3.79%"
"Jan 05, 2016","7.65","7.80","7.83","7.59","10.42M","-1.29%"
"Jan 04, 2016","7.75","7.69","7.87","7.60","16.53M","5.01%"
"Dec 31, 2015","7.38","7.34","7.44","7.29","7.77M","0.14%"
"Dec 30, 2015","7.37","7.38","7.45","7.31","6.92M","-2.90%"
"Dec 29, 2015","7.59","7.62","7.69","7.47","9.92M","0.80%"
"Dec 28, 2015","7.53","7.69","7.71","7.46","9.60M","-3.71%"
"Dec 24, 2015","7.82","7.72","7.86","7.70","5.99M","2.09%"
"Dec 23, 2015","7.66","7.51","7.68","7.46","10.69M","2.54%"
"Dec 22, 2015","7.47","7.43","7.68","7.41","13.54M","0.00%"
"Dec 21, 2015","7.47","7.39","7.60","7.33","16.84M","3.32%"
"Dec 18, 2015","7.23","7.07","7.38","7.02","21.51M","4.18%"
"Dec 17, 2015","6.94","7.26","7.27","6.94","20.66M","-9.28%"
"Dec 16, 2015","7.65","7.28","7.75","7.22","24.88M","7.75%"
"Dec 15, 2015","7.10","7.12","7.19","6.94","16.43M","0.71%"
"Dec 14, 2015","7.05","7.68","7.74","7.05","21.19M","-9.03%"
"Dec 11, 2015","7.75","7.54","7.87","7.39","15.21M","1.17%"
"Dec 10, 2015","7.66","7.70","7.86","7.65","10.03M","-0.91%"
"Dec 09, 2015","7.73","7.69","7.88","7.61","14.17M","2.79%"
"Dec 08, 2015","7.52","7.71","7.75","7.47","13.20M","-2.21%"
"Dec 07, 2015","7.69","7.96","7.97","7.64","14.45M","-4.94%"
"Dec 04, 2015","8.09","7.70","8.10","7.65","30.53M","6.87%"
"Dec 03, 2015","7.57","7.49","7.73","7.46","14.35M","2.02%"
"Dec 02, 2015","7.42","7.36","7.54","7.25","11.74M","-2.37%"
"Dec 01, 2015","7.60","7.38","7.62","7.28","15.54M","3.54%"
"Nov 30, 2015","7.34","7.14","7.43","7.13","15.26M","3.23%"
"Nov 27, 2015","7.11","7.17","7.27","7.04","7.68M","-3.66%"
"Nov 25, 2015","7.38","7.25","7.50","7.21","9.49M","0.00%"
"Nov 24, 2015","7.38","7.22","7.47","7.06","13.60M","3.65%"
"Nov 23, 2015","7.12","7.12","7.23","7.03","9.63M","-0.97%"
"Nov 20, 2015","7.19","7.60","7.67","7.14","12.52M","-4.64%"
"Nov 19, 2015","7.54","7.28","7.60","7.20","15.31M","4.29%"
"Nov 18, 2015","7.23","7.06","7.26","6.90","13.85M","3.43%"
"Nov 17, 2015","6.99","7.60","7.62","6.92","25.87M","-8.39%"
"Nov 16, 2015","7.63","7.59","7.74","7.55","11.12M","1.19%"
"Nov 13, 2015","7.54","7.49","7.59","7.37","10.53M","-0.13%"
"Nov 12, 2015","7.55","7.17","7.68","7.09","19.30M","3.71%"
"Nov 11, 2015","7.28","7.24","7.34","7.16","8.53M","1.11%"
"Nov 10, 2015","7.20","7.23","7.30","7.12","8.85M","-2.17%"
"Nov 09, 2015","7.36","7.06","7.39","7.02","13.65M","4.40%"
"Nov 06, 2015","7.05","7.00","7.19","6.90","23.37M","-4.21%"
"Nov 05, 2015","7.36","7.53","7.56","7.21","31.34M","-2.77%"
"Nov 04, 2015","7.57","7.91","8.00","7.52","18.67M","-3.44%"
"Nov 03, 2015","7.84","7.64","7.92","7.60","16.13M","1.03%"
"Nov 02, 2015","7.76","7.61","7.82","7.54","13.00M","0.91%"
"Oct 30, 2015","7.69","7.83","7.99","7.69","17.54M","-1.66%"
"Oct 29, 2015","7.82","7.64","8.33","7.62","30.77M","1.69%"
"Oct 28, 2015","7.69","7.66","8.19","7.44","31.89M","1.85%"
"Oct 27, 2015","7.55","7.47","7.59","7.37","16.65M","0.67%"
"Oct 26, 2015","7.50","7.75","7.76","7.50","12.57M","-3.23%"
"Oct 23, 2015","7.75","7.71","7.82","7.45","20.96M","2.11%"
"Oct 22, 2015","7.59","7.46","7.73","7.45","15.25M","1.07%"
"Oct 21, 2015","7.51","7.74","7.80","7.48","16.28M","-4.82%"
"Oct 20, 2015","7.89","7.65","8.02","7.61","17.05M","4.37%"
"Oct 19, 2015","7.56","7.76","7.90","7.53","15.88M","-3.69%"
"Oct 16, 2015","7.85","8.08","8.16","7.82","16.39M","-3.80%"
"Oct 15, 2015","8.16","8.03","8.19","7.92","22.68M","-0.24%"
"Oct 14, 2015","8.18","7.71","8.20","7.70","31.10M","9.65%"
"Oct 13, 2015","7.46","7.40","7.65","7.28","14.78M","0.67%"
"Oct 12, 2015","7.41","7.82","7.83","7.29","19.92M","-2.63%"
"Oct 09, 2015","7.61","7.45","7.66","7.39","21.28M","6.28%"
"Oct 08, 2015","7.16","7.11","7.52","7.09","21.25M","-1.10%"
"Oct 07, 2015","7.24","7.32","7.45","7.10","22.39M","-0.82%"
"Oct 06, 2015","7.30","7.09","7.46","7.05","28.73M","6.57%"
"Oct 05, 2015","6.85","6.63","6.94","6.61","20.58M","4.26%"
"Oct 02, 2015","6.57","6.43","6.63","6.42","19.71M","6.14%"
"Oct 01, 2015","6.19","6.41","6.50","6.13","14.44M","-2.67%"
"Sep 30, 2015","6.36","6.14","6.36","6.04","19.59M","2.42%"
"Sep 29, 2015","6.21","6.33","6.46","6.15","13.47M","-0.80%"
"Sep 28, 2015","6.26","6.36","6.47","6.26","17.15M","-4.72%"
"Sep 25, 2015","6.57","6.40","6.63","6.36","22.61M","0.15%"
"Sep 24, 2015","6.56","6.08","6.58","6.02","33.18M","10.44%"
"Sep 23, 2015","5.94","6.22","6.23","5.91","16.24M","-2.78%"
"Sep 22, 2015","6.11","6.41","6.46","6.08","20.56M","-7.14%"
"Sep 21, 2015","6.58","6.65","6.75","6.56","16.62M","-2.52%"
"Sep 18, 2015","6.75","6.94","7.01","6.66","28.55M","-1.32%"
"Sep 17, 2015","6.84","6.59","7.04","6.49","27.39M","2.09%"
"Sep 16, 2015","6.70","6.41","6.72","6.38","31.87M","7.20%"
"Sep 15, 2015","6.25","6.18","6.42","6.14","12.52M","0.32%"
"Sep 14, 2015","6.23","6.29","6.40","6.16","14.77M","-1.89%"
"Sep 11, 2015","6.35","6.13","6.40","5.95","21.09M","2.25%"
"Sep 10, 2015","6.21","6.40","6.42","6.13","17.48M","-0.96%"
"Sep 09, 2015","6.27","6.41","6.54","6.25","18.82M","-3.83%"
"Sep 08, 2015","6.52","6.48","6.60","6.35","12.93M","1.72%"
"Sep 04, 2015","6.41","6.41","6.44","6.23","16.29M","-1.08%"
"Sep 03, 2015","6.48","6.59","6.91","6.45","18.80M","-3.14%"
"Sep 02, 2015","6.69","6.74","6.78","6.50","16.48M","-0.89%"
"Sep 01, 2015","6.75","7.03","7.18","6.69","21.71M","-2.88%"
"Aug 31, 2015","6.95","6.98","7.00","6.63","23.25M","-2.52%"
"Aug 28, 2015","7.13","6.89","7.28","6.87","27.22M","4.24%"
"Aug 27, 2015","6.84","6.60","6.91","6.51","31.49M","4.43%"
"Aug 26, 2015","6.55","6.92","6.92","6.52","29.32M","-6.29%"
"Aug 25, 2015","6.99","7.42","7.50","6.86","17.93M","-3.32%"
"Aug 24, 2015","7.23","7.72","7.97","7.15","30.26M","-9.74%"
"Aug 21, 2015","8.01","8.39","8.44","7.91","24.27M","-2.79%"
"Aug 20, 2015","8.24","8.19","8.52","8.18","28.77M","4.30%"
"Aug 19, 2015","7.90","7.81","8.04","7.72","23.99M","3.13%"
"Aug 18, 2015","7.66","7.74","7.75","7.50","21.14M","-2.67%"
"Aug 17, 2015","7.87","7.81","7.98","7.67","17.36M","2.47%"
"Aug 14, 2015","7.68","7.92","8.05","7.64","14.91M","-1.16%"
"Aug 13, 2015","7.77","7.92","8.12","7.72","21.07M","-4.43%"
"Aug 12, 2015","8.13","7.88","8.16","7.86","36.11M","5.86%"
"Aug 11, 2015","7.68","7.92","7.94","7.25","32.49M","0.92%"
"Aug 10, 2015","7.61","7.19","7.69","7.00","25.88M","8.10%"
"Aug 07, 2015","7.04","7.02","7.38","6.95","27.46M","2.33%"
"Aug 06, 2015","6.88","6.70","7.11","6.68","31.16M","5.20%"
"Aug 05, 2015","6.54","6.87","6.93","6.52","18.04M","-3.82%"
"Aug 04, 2015","6.80","6.82","6.90","6.72","20.79M","1.49%"
"Aug 03, 2015","6.70","7.02","7.02","6.62","16.06M","-5.10%"
"Jul 31, 2015","7.06","7.22","7.33","6.91","29.46M","0.14%"
"Jul 30, 2015","7.05","7.10","7.18","6.95","19.65M","-2.49%"
"Jul 29, 2015","7.23","6.94","7.34","6.85","28.31M","4.93%"
"Jul 28, 2015","6.89","7.01","7.03","6.88","21.55M","-0.14%"
"Jul 27, 2015","6.90","7.21","7.53","6.84","33.73M","-4.83%"
"Jul 24, 2015","7.25","6.96","7.27","6.79","42.13M","2.55%"
"Jul 23, 2015","7.07","7.44","7.46","7.04","25.24M","-3.94%"
"Jul 22, 2015","7.36","7.29","7.50","7.03","28.40M","-1.87%"
"Jul 21, 2015","7.50","7.72","7.88","7.36","36.73M","1.21%"
"Jul 20, 2015","7.41","8.39","8.46","7.38","51.24M","-15.70%"
"Jul 17, 2015","8.79","9.19","9.21","8.61","26.10M","-4.87%"
"Jul 16, 2015","9.24","9.60","9.63","9.21","20.03M","-4.25%"
"Jul 15, 2015","9.65","9.79","9.87","9.60","13.09M","-2.43%"
"Jul 14, 2015","9.89","10.00","10.18","9.88","12.98M","-0.80%"
"Jul 13, 2015","9.97","9.99","10.03","9.74","11.29M","-1.38%"
"Jul 10, 2015","10.11","10.24","10.27","10.05","7.35M","-0.39%"
"Jul 09, 2015","10.15","10.44","10.44","10.12","10.20M","-1.46%"
"Jul 08, 2015","10.30","10.39","10.51","10.27","14.73M","-0.19%"
"Jul 07, 2015","10.32","10.50","10.60","10.25","20.01M","-4.88%"
"Jul 06, 2015","10.85","10.52","11.00","10.47","10.55M","2.65%"
"Jul 02, 2015","10.57","10.52","10.59","10.43","8.12M","1.15%"
"Jul 01, 2015","10.45","10.63","10.66","10.40","10.58M","-1.97%"
"Jun 30, 2015","10.66","10.74","10.86","10.56","9.69M","-1.11%"
"Jun 29, 2015","10.78","10.96","10.98","10.72","9.93M","-1.10%"
"Jun 26, 2015","10.90","10.97","11.07","10.87","8.86M","-0.82%"
"Jun 25, 2015","10.99","11.11","11.19","10.97","10.48M","-1.08%"
"Jun 24, 2015","11.11","11.12","11.17","10.97","10.62M","-0.45%"
"Jun 23, 2015","11.16","11.12","11.20","11.06","10.23M","0.00%"
"Jun 22, 2015","11.16","11.30","11.35","11.16","10.34M","-2.79%"
"Jun 19, 2015","11.48","11.65","11.80","11.41","14.19M","-1.96%"
"Jun 18, 2015","11.71","11.82","11.97","11.66","18.43M","1.47%"
"Jun 17, 2015","11.54","11.19","11.57","11.06","14.36M","3.22%"
"Jun 16, 2015","11.18","11.38","11.39","11.14","12.84M","-2.53%"
"Jun 15, 2015","11.47","11.25","11.62","11.21","8.74M","1.77%"
"Jun 12, 2015","11.27","11.25","11.46","11.18","7.18M","0.00%"
"Jun 11, 2015","11.27","11.56","11.56","11.25","8.25M","-3.10%"
"Jun 10, 2015","11.63","11.77","11.82","11.55","8.87M","0.87%"
"Jun 09, 2015","11.53","11.57","11.71","11.49","10.32M","0.61%"
"Jun 08, 2015","11.46","11.48","11.51","11.30","10.51M","-0.09%"
"Jun 05, 2015","11.47","11.51","11.60","11.38","13.75M","-1.88%"
"Jun 04, 2015","11.69","11.85","11.88","11.66","10.28M","-2.50%"
"Jun 03, 2015","11.99","11.88","12.15","11.87","12.85M","0.08%"
"Jun 02, 2015","11.98","11.96","12.17","11.91","11.18M","1.35%"
"Jun 01, 2015","11.82","11.94","12.06","11.76","9.07M","-0.34%"
"May 29, 2015","11.86","11.97","12.05","11.73","11.67M","-1.17%"
"May 28, 2015","12.00","11.73","12.03","11.53","13.40M","2.56%"
"May 27, 2015","11.70","11.74","11.75","11.56","9.35M","-0.09%"
"May 26, 2015","11.71","12.05","12.06","11.62","21.71M","-4.72%"
"May 22, 2015","12.29","12.46","12.49","12.24","7.87M","-1.21%"
"May 21, 2015","12.44","12.42","12.49","12.23","8.62M","0.08%"
"May 20, 2015","12.43","12.64","12.66","12.42","8.26M","-0.32%"
"May 19, 2015","12.47","12.94","13.07","12.46","14.19M","-5.46%"
"May 18, 2015","13.19","13.18","13.39","13.13","6.43M","0.53%"
"May 15, 2015","13.12","13.06","13.44","12.97","10.46M","-0.46%"
"May 14, 2015","13.18","13.37","13.61","13.13","9.85M","-0.53%"
"May 13, 2015","13.25","12.99","13.41","12.95","17.00M","3.27%"
"May 12, 2015","12.83","12.85","12.94","12.71","6.28M","0.39%"
"May 11, 2015","12.78","12.72","12.90","12.67","6.35M","0.24%"
"May 08, 2015","12.75","12.76","12.90","12.65","8.26M","0.47%"
"May 07, 2015","12.69","12.53","12.72","12.27","10.87M","0.48%"
"May 06, 2015","12.63","13.20","13.21","12.58","12.57M","-3.66%"
"May 05, 2015","13.11","13.33","13.54","13.02","8.58M","-0.46%"
"May 04, 2015","13.17","13.37","13.43","13.14","8.25M","0.77%"
"May 01, 2015","13.07","12.85","13.10","12.76","10.47M","0.38%"
"Apr 30, 2015","13.02","13.17","13.24","12.93","14.93M","-3.63%"
"Apr 29, 2015","13.51","13.36","13.70","13.28","15.88M","1.58%"
"Apr 28, 2015","13.30","12.54","13.42","12.52","16.15M","3.91%"
"Apr 27, 2015","12.80","12.66","13.34","12.64","23.70M","2.24%"
"Apr 24, 2015","12.52","12.58","12.74","12.41","10.01M","-0.95%"
"Apr 23, 2015","12.64","12.41","12.74","12.36","8.61M","2.18%"
"Apr 22, 2015","12.37","12.80","12.86","12.32","11.53M","-3.43%"
"Apr 21, 2015","12.81","12.65","12.87","12.45","8.57M","0.47%"
"Apr 20, 2015","12.75","12.66","12.86","12.55","9.04M","-0.08%"
"Apr 17, 2015","12.76","12.76","12.99","12.73","9.33M","0.87%"
"Apr 16, 2015","12.65","12.90","13.03","12.58","11.75M","-1.56%"
"Apr 15, 2015","12.85","12.55","13.03","12.49","14.09M","2.72%"
"Apr 14, 2015","12.51","12.40","12.61","12.31","7.36M","1.21%"
"Apr 13, 2015","12.36","12.61","12.66","12.33","7.92M","-2.52%"
"Apr 10, 2015","12.68","12.63","12.77","12.55","9.02M","2.09%"
"Apr 09, 2015","12.42","12.16","12.66","12.12","12.86M","0.81%"
"Apr 08, 2015","12.32","12.44","12.50","12.15","11.27M","-0.32%"
"Apr 07, 2015","12.36","12.46","12.64","12.33","15.75M","-1.98%"
"Apr 06, 2015","12.61","12.32","12.69","12.23","16.71M","6.14%"
"Apr 02, 2015","11.88","11.84","12.11","11.71","11.38M","-1.08%"
"Apr 01, 2015","12.01","11.07","12.20","11.06","26.50M","9.58%"
"Mar 31, 2015","10.96","11.10","11.20","10.90","9.56M","-1.62%"
"Mar 30, 2015","11.14","11.05","11.30","11.01","9.91M","-1.33%"
"Mar 27, 2015","11.29","11.22","11.47","11.04","10.82M","0.00%"
"Mar 26, 2015","11.29","11.56","11.71","11.24","15.23M","-0.62%"
"Mar 25, 2015","11.36","11.46","11.57","11.28","13.45M","-0.09%"
"Mar 24, 2015","11.37","11.45","11.53","11.23","9.02M","-0.26%"
"Mar 23, 2015","11.40","11.24","11.45","11.19","10.51M","2.70%"
"Mar 20, 2015","11.10","10.98","11.34","10.98","28.78M","1.93%"
"Mar 19, 2015","10.89","10.85","10.96","10.66","15.65M","-0.73%"
"Mar 18, 2015","10.97","10.30","11.10","10.30","20.63M","6.20%"
"Mar 17, 2015","10.33","10.39","10.60","10.29","14.38M","-2.18%"
"Mar 16, 2015","10.56","10.56","10.63","10.30","12.74M","-0.38%"
"Mar 13, 2015","10.60","10.70","10.71","10.31","11.84M","-0.56%"
"Mar 12, 2015","10.66","11.03","11.07","10.59","12.81M","-2.11%"
"Mar 11, 2015","10.89","10.68","10.94","10.52","15.09M","1.97%"
"Mar 10, 2015","10.68","10.69","11.09","10.58","15.08M","-1.11%"
"Mar 09, 2015","10.80","11.41","11.42","10.71","19.82M","-4.76%"
"Mar 06, 2015","11.34","11.82","11.82","11.29","20.40M","-6.97%"
"Mar 05, 2015","12.19","12.18","12.49","12.10","9.88M","0.33%"
"Mar 04, 2015","12.15","12.51","12.58","12.08","12.87M","-2.88%"
"Mar 03, 2015","12.51","12.80","13.04","12.49","12.37M","-1.96%"
"Mar 02, 2015","12.76","13.04","13.11","12.64","16.98M","-2.00%"
"Feb 27, 2015","13.02","12.83","13.24","12.81","14.26M","2.04%"
"Feb 26, 2015","12.76","12.91","12.97","12.73","8.43M","-0.16%"
"Feb 25, 2015","12.78","12.71","12.78","12.53","16.00M","1.59%"
"Feb 24, 2015","12.58","12.59","12.72","12.50","10.87M","-1.02%"
"Feb 23, 2015","12.71","12.69","13.03","12.58","13.31M","-1.40%"
"Feb 20, 2015","12.89","12.86","13.19","12.79","18.40M","0.55%"
"Feb 19, 2015","12.82","12.55","13.05","12.45","30.67M","4.82%"
"Feb 18, 2015","12.23","12.03","12.44","11.91","15.64M","1.66%"
"Feb 17, 2015","12.03","11.90","12.18","11.88","13.65M","-0.91%"
"Feb 13, 2015","12.14","12.25","12.38","12.13","11.35M","0.08%"
"Feb 12, 2015","12.13","12.12","12.22","11.93","11.63M","1.59%"
"Feb 11, 2015","11.94","12.20","12.26","11.89","11.34M","-1.89%"
"Feb 10, 2015","12.17","12.28","12.30","11.95","17.28M","-2.64%"
"Feb 09, 2015","12.50","12.39","12.60","12.35","11.70M","1.46%"
"Feb 06, 2015","12.32","12.55","12.69","12.19","19.07M","-5.67%"
"Feb 05, 2015","13.06","12.87","13.15","12.74","10.66M","1.16%"
"Feb 04, 2015","12.91","12.76","13.06","12.72","12.41M","1.81%"
"Feb 03, 2015","12.68","12.80","13.14","12.46","19.24M","-1.63%"
"Feb 02, 2015","12.89","12.52","13.04","12.50","14.96M","0.86%"
"Jan 30, 2015","12.78","12.35","12.94","12.17","16.18M","3.99%"
"Jan 29, 2015","12.29","12.28","12.43","12.07","18.37M","-2.54%"
"Jan 28, 2015","12.61","12.92","13.12","12.49","19.20M","-3.81%"
"Jan 27, 2015","13.11","12.89","13.25","12.84","23.69M","3.31%"
"Jan 26, 2015","12.69","12.10","12.76","12.00","15.66M","2.09%"
"Jan 23, 2015","12.43","12.66","12.79","12.34","19.71M","-2.81%"
"Jan 22, 2015","12.79","12.90","13.25","12.66","25.26M","0.39%"
"Jan 21, 2015","12.74","12.78","13.09","12.28","36.02M","1.68%"
"Jan 20, 2015","12.53","12.20","12.67","12.10","35.89M","6.64%"
"Jan 16, 2015","11.75","11.49","11.90","11.42","32.51M","3.34%"
"Jan 15, 2015","11.37","10.72","11.42","10.56","47.96M","9.22%"
"Jan 14, 2015","10.41","10.82","10.86","10.15","25.00M","-2.53%"
"Jan 13, 2015","10.68","11.47","11.49","10.52","27.75M","-5.74%"
"Jan 12, 2015","11.33","11.06","11.42","10.88","31.41M","3.09%"
"Jan 09, 2015","10.99","10.96","11.19","10.72","18.54M","1.67%"
"Jan 08, 2015","10.81","11.01","11.30","10.75","18.13M","-2.79%"
"Jan 07, 2015","11.12","11.08","11.41","10.93","14.36M","-1.33%"
"Jan 06, 2015","11.27","11.02","11.46","10.93","21.64M","3.39%"
"Jan 05, 2015","10.90","10.98","11.08","10.52","16.03M","-0.09%"
"Jan 02, 2015","10.91","10.54","10.94","10.45","13.88M","1.49%"